"plant_species","plant_species_code","animal_species","animal_species_code","frequency"
"Bejaria_aestuans","P01","Ampelion_rubrocristatus","B01",0
"Bejaria_aestuans","P01","Andigena_hypoglauca","B02",0
"Bejaria_aestuans","P01","Anisognathus_igniventris","B03",0
"Bejaria_aestuans","P01","Aulacorhynchus_coeruleicinctis","B04",0
"Bejaria_aestuans","P01","Buthraupis_montana","B05",0
"Bejaria_aestuans","P01","Cacicus_chrysonotus","B06",0
"Bejaria_aestuans","P01","Chlorornis_riefferii","B07",0
"Bejaria_aestuans","P01","Diglossa_brunneiventris","B08",0
"Bejaria_aestuans","P01","Diglossa_cyanea","B09",1
"Bejaria_aestuans","P01","Diglossa_mystacalis","B10",0
"Bejaria_aestuans","P01","Diglossa_sittoides","B11",0
"Bejaria_aestuans","P01","Elaenia_albiceps","B12",0
"Bejaria_aestuans","P01","Elaenia_pallatangae","B13",0
"Bejaria_aestuans","P01","Iridosornis_jelskii","B14",0
"Bejaria_aestuans","P01","Mionectes_striaticollis","B15",0
"Bejaria_aestuans","P01","Patagioenas_fasciata","B16",0
"Bejaria_aestuans","P01","Penelope_montagnii","B17",0
"Bejaria_aestuans","P01","Pipreola_arcuata","B18",0
"Bejaria_aestuans","P01","Pipreola_intermedia","B19",0
"Bejaria_aestuans","P01","Tangara_nigroviridis","B20",0
"Bejaria_aestuans","P01","Tangara_vassorii","B21",1
"Bejaria_aestuans","P01","Thraupis_bonariensis","B22",0
"Bejaria_aestuans","P01","Thraupis_cyanocephala","B23",0
"Bejaria_aestuans","P01","Trogon_personatus","B24",0
"Bejaria_aestuans","P01","Turdus_fuscater","B25",0
"Bejaria_aestuans","P01","Turdus_serranus","B26",0
"Cavendishia_bracteata","P02","Ampelion_rubrocristatus","B01",0
"Cavendishia_bracteata","P02","Andigena_hypoglauca","B02",0
"Cavendishia_bracteata","P02","Anisognathus_igniventris","B03",0
"Cavendishia_bracteata","P02","Aulacorhynchus_coeruleicinctis","B04",0
"Cavendishia_bracteata","P02","Buthraupis_montana","B05",0
"Cavendishia_bracteata","P02","Cacicus_chrysonotus","B06",0
"Cavendishia_bracteata","P02","Chlorornis_riefferii","B07",4
"Cavendishia_bracteata","P02","Diglossa_brunneiventris","B08",0
"Cavendishia_bracteata","P02","Diglossa_cyanea","B09",9
"Cavendishia_bracteata","P02","Diglossa_mystacalis","B10",0
"Cavendishia_bracteata","P02","Diglossa_sittoides","B11",0
"Cavendishia_bracteata","P02","Elaenia_albiceps","B12",0
"Cavendishia_bracteata","P02","Elaenia_pallatangae","B13",0
"Cavendishia_bracteata","P02","Iridosornis_jelskii","B14",5
"Cavendishia_bracteata","P02","Mionectes_striaticollis","B15",0
"Cavendishia_bracteata","P02","Patagioenas_fasciata","B16",0
"Cavendishia_bracteata","P02","Penelope_montagnii","B17",0
"Cavendishia_bracteata","P02","Pipreola_arcuata","B18",1
"Cavendishia_bracteata","P02","Pipreola_intermedia","B19",0
"Cavendishia_bracteata","P02","Tangara_nigroviridis","B20",0
"Cavendishia_bracteata","P02","Tangara_vassorii","B21",0
"Cavendishia_bracteata","P02","Thraupis_bonariensis","B22",0
"Cavendishia_bracteata","P02","Thraupis_cyanocephala","B23",3
"Cavendishia_bracteata","P02","Trogon_personatus","B24",0
"Cavendishia_bracteata","P02","Turdus_fuscater","B25",1
"Cavendishia_bracteata","P02","Turdus_serranus","B26",1
"Cestrum_parqui","P03","Ampelion_rubrocristatus","B01",0
"Cestrum_parqui","P03","Andigena_hypoglauca","B02",0
"Cestrum_parqui","P03","Anisognathus_igniventris","B03",0
"Cestrum_parqui","P03","Aulacorhynchus_coeruleicinctis","B04",0
"Cestrum_parqui","P03","Buthraupis_montana","B05",0
"Cestrum_parqui","P03","Cacicus_chrysonotus","B06",0
"Cestrum_parqui","P03","Chlorornis_riefferii","B07",0
"Cestrum_parqui","P03","Diglossa_brunneiventris","B08",0
"Cestrum_parqui","P03","Diglossa_cyanea","B09",0
"Cestrum_parqui","P03","Diglossa_mystacalis","B10",0
"Cestrum_parqui","P03","Diglossa_sittoides","B11",0
"Cestrum_parqui","P03","Elaenia_albiceps","B12",0
"Cestrum_parqui","P03","Elaenia_pallatangae","B13",0
"Cestrum_parqui","P03","Iridosornis_jelskii","B14",0
"Cestrum_parqui","P03","Mionectes_striaticollis","B15",0
"Cestrum_parqui","P03","Patagioenas_fasciata","B16",0
"Cestrum_parqui","P03","Penelope_montagnii","B17",0
"Cestrum_parqui","P03","Pipreola_arcuata","B18",0
"Cestrum_parqui","P03","Pipreola_intermedia","B19",1
"Cestrum_parqui","P03","Tangara_nigroviridis","B20",0
"Cestrum_parqui","P03","Tangara_vassorii","B21",0
"Cestrum_parqui","P03","Thraupis_bonariensis","B22",0
"Cestrum_parqui","P03","Thraupis_cyanocephala","B23",0
"Cestrum_parqui","P03","Trogon_personatus","B24",0
"Cestrum_parqui","P03","Turdus_fuscater","B25",0
"Cestrum_parqui","P03","Turdus_serranus","B26",0
"Clusia_alata","P04","Ampelion_rubrocristatus","B01",0
"Clusia_alata","P04","Andigena_hypoglauca","B02",2
"Clusia_alata","P04","Anisognathus_igniventris","B03",0
"Clusia_alata","P04","Aulacorhynchus_coeruleicinctis","B04",0
"Clusia_alata","P04","Buthraupis_montana","B05",0
"Clusia_alata","P04","Cacicus_chrysonotus","B06",0
"Clusia_alata","P04","Chlorornis_riefferii","B07",0
"Clusia_alata","P04","Diglossa_brunneiventris","B08",0
"Clusia_alata","P04","Diglossa_cyanea","B09",0
"Clusia_alata","P04","Diglossa_mystacalis","B10",0
"Clusia_alata","P04","Diglossa_sittoides","B11",0
"Clusia_alata","P04","Elaenia_albiceps","B12",0
"Clusia_alata","P04","Elaenia_pallatangae","B13",0
"Clusia_alata","P04","Iridosornis_jelskii","B14",0
"Clusia_alata","P04","Mionectes_striaticollis","B15",0
"Clusia_alata","P04","Patagioenas_fasciata","B16",0
"Clusia_alata","P04","Penelope_montagnii","B17",0
"Clusia_alata","P04","Pipreola_arcuata","B18",0
"Clusia_alata","P04","Pipreola_intermedia","B19",0
"Clusia_alata","P04","Tangara_nigroviridis","B20",0
"Clusia_alata","P04","Tangara_vassorii","B21",0
"Clusia_alata","P04","Thraupis_bonariensis","B22",0
"Clusia_alata","P04","Thraupis_cyanocephala","B23",0
"Clusia_alata","P04","Trogon_personatus","B24",0
"Clusia_alata","P04","Turdus_fuscater","B25",0
"Clusia_alata","P04","Turdus_serranus","B26",0
"Clusia_elliptica","P05","Ampelion_rubrocristatus","B01",0
"Clusia_elliptica","P05","Andigena_hypoglauca","B02",0
"Clusia_elliptica","P05","Anisognathus_igniventris","B03",0
"Clusia_elliptica","P05","Aulacorhynchus_coeruleicinctis","B04",2
"Clusia_elliptica","P05","Buthraupis_montana","B05",0
"Clusia_elliptica","P05","Cacicus_chrysonotus","B06",0
"Clusia_elliptica","P05","Chlorornis_riefferii","B07",0
"Clusia_elliptica","P05","Diglossa_brunneiventris","B08",0
"Clusia_elliptica","P05","Diglossa_cyanea","B09",0
"Clusia_elliptica","P05","Diglossa_mystacalis","B10",0
"Clusia_elliptica","P05","Diglossa_sittoides","B11",0
"Clusia_elliptica","P05","Elaenia_albiceps","B12",0
"Clusia_elliptica","P05","Elaenia_pallatangae","B13",0
"Clusia_elliptica","P05","Iridosornis_jelskii","B14",0
"Clusia_elliptica","P05","Mionectes_striaticollis","B15",0
"Clusia_elliptica","P05","Patagioenas_fasciata","B16",0
"Clusia_elliptica","P05","Penelope_montagnii","B17",0
"Clusia_elliptica","P05","Pipreola_arcuata","B18",0
"Clusia_elliptica","P05","Pipreola_intermedia","B19",0
"Clusia_elliptica","P05","Tangara_nigroviridis","B20",0
"Clusia_elliptica","P05","Tangara_vassorii","B21",0
"Clusia_elliptica","P05","Thraupis_bonariensis","B22",0
"Clusia_elliptica","P05","Thraupis_cyanocephala","B23",0
"Clusia_elliptica","P05","Trogon_personatus","B24",0
"Clusia_elliptica","P05","Turdus_fuscater","B25",0
"Clusia_elliptica","P05","Turdus_serranus","B26",0
"Dendrophthora_chrysostachya","P06","Ampelion_rubrocristatus","B01",0
"Dendrophthora_chrysostachya","P06","Andigena_hypoglauca","B02",0
"Dendrophthora_chrysostachya","P06","Anisognathus_igniventris","B03",23
"Dendrophthora_chrysostachya","P06","Aulacorhynchus_coeruleicinctis","B04",0
"Dendrophthora_chrysostachya","P06","Buthraupis_montana","B05",2
"Dendrophthora_chrysostachya","P06","Cacicus_chrysonotus","B06",0
"Dendrophthora_chrysostachya","P06","Chlorornis_riefferii","B07",8
"Dendrophthora_chrysostachya","P06","Diglossa_brunneiventris","B08",0
"Dendrophthora_chrysostachya","P06","Diglossa_cyanea","B09",17
"Dendrophthora_chrysostachya","P06","Diglossa_mystacalis","B10",0
"Dendrophthora_chrysostachya","P06","Diglossa_sittoides","B11",0
"Dendrophthora_chrysostachya","P06","Elaenia_albiceps","B12",0
"Dendrophthora_chrysostachya","P06","Elaenia_pallatangae","B13",0
"Dendrophthora_chrysostachya","P06","Iridosornis_jelskii","B14",3
"Dendrophthora_chrysostachya","P06","Mionectes_striaticollis","B15",0
"Dendrophthora_chrysostachya","P06","Patagioenas_fasciata","B16",0
"Dendrophthora_chrysostachya","P06","Penelope_montagnii","B17",0
"Dendrophthora_chrysostachya","P06","Pipreola_arcuata","B18",0
"Dendrophthora_chrysostachya","P06","Pipreola_intermedia","B19",0
"Dendrophthora_chrysostachya","P06","Tangara_nigroviridis","B20",0
"Dendrophthora_chrysostachya","P06","Tangara_vassorii","B21",3
"Dendrophthora_chrysostachya","P06","Thraupis_bonariensis","B22",0
"Dendrophthora_chrysostachya","P06","Thraupis_cyanocephala","B23",7
"Dendrophthora_chrysostachya","P06","Trogon_personatus","B24",0
"Dendrophthora_chrysostachya","P06","Turdus_fuscater","B25",0
"Dendrophthora_chrysostachya","P06","Turdus_serranus","B26",0
"Dendrophthora_densifolia","P07","Ampelion_rubrocristatus","B01",0
"Dendrophthora_densifolia","P07","Andigena_hypoglauca","B02",0
"Dendrophthora_densifolia","P07","Anisognathus_igniventris","B03",4
"Dendrophthora_densifolia","P07","Aulacorhynchus_coeruleicinctis","B04",0
"Dendrophthora_densifolia","P07","Buthraupis_montana","B05",0
"Dendrophthora_densifolia","P07","Cacicus_chrysonotus","B06",0
"Dendrophthora_densifolia","P07","Chlorornis_riefferii","B07",2
"Dendrophthora_densifolia","P07","Diglossa_brunneiventris","B08",0
"Dendrophthora_densifolia","P07","Diglossa_cyanea","B09",5
"Dendrophthora_densifolia","P07","Diglossa_mystacalis","B10",0
"Dendrophthora_densifolia","P07","Diglossa_sittoides","B11",0
"Dendrophthora_densifolia","P07","Elaenia_albiceps","B12",0
"Dendrophthora_densifolia","P07","Elaenia_pallatangae","B13",0
"Dendrophthora_densifolia","P07","Iridosornis_jelskii","B14",10
"Dendrophthora_densifolia","P07","Mionectes_striaticollis","B15",0
"Dendrophthora_densifolia","P07","Patagioenas_fasciata","B16",0
"Dendrophthora_densifolia","P07","Penelope_montagnii","B17",0
"Dendrophthora_densifolia","P07","Pipreola_arcuata","B18",0
"Dendrophthora_densifolia","P07","Pipreola_intermedia","B19",0
"Dendrophthora_densifolia","P07","Tangara_nigroviridis","B20",0
"Dendrophthora_densifolia","P07","Tangara_vassorii","B21",0
"Dendrophthora_densifolia","P07","Thraupis_bonariensis","B22",0
"Dendrophthora_densifolia","P07","Thraupis_cyanocephala","B23",1
"Dendrophthora_densifolia","P07","Trogon_personatus","B24",0
"Dendrophthora_densifolia","P07","Turdus_fuscater","B25",0
"Dendrophthora_densifolia","P07","Turdus_serranus","B26",0
"Dendrophthora_paucifolia","P08","Ampelion_rubrocristatus","B01",0
"Dendrophthora_paucifolia","P08","Andigena_hypoglauca","B02",0
"Dendrophthora_paucifolia","P08","Anisognathus_igniventris","B03",13
"Dendrophthora_paucifolia","P08","Aulacorhynchus_coeruleicinctis","B04",0
"Dendrophthora_paucifolia","P08","Buthraupis_montana","B05",0
"Dendrophthora_paucifolia","P08","Cacicus_chrysonotus","B06",0
"Dendrophthora_paucifolia","P08","Chlorornis_riefferii","B07",0
"Dendrophthora_paucifolia","P08","Diglossa_brunneiventris","B08",0
"Dendrophthora_paucifolia","P08","Diglossa_cyanea","B09",5
"Dendrophthora_paucifolia","P08","Diglossa_mystacalis","B10",0
"Dendrophthora_paucifolia","P08","Diglossa_sittoides","B11",0
"Dendrophthora_paucifolia","P08","Elaenia_albiceps","B12",0
"Dendrophthora_paucifolia","P08","Elaenia_pallatangae","B13",0
"Dendrophthora_paucifolia","P08","Iridosornis_jelskii","B14",0
"Dendrophthora_paucifolia","P08","Mionectes_striaticollis","B15",0
"Dendrophthora_paucifolia","P08","Patagioenas_fasciata","B16",0
"Dendrophthora_paucifolia","P08","Penelope_montagnii","B17",0
"Dendrophthora_paucifolia","P08","Pipreola_arcuata","B18",0
"Dendrophthora_paucifolia","P08","Pipreola_intermedia","B19",0
"Dendrophthora_paucifolia","P08","Tangara_nigroviridis","B20",0
"Dendrophthora_paucifolia","P08","Tangara_vassorii","B21",1
"Dendrophthora_paucifolia","P08","Thraupis_bonariensis","B22",0
"Dendrophthora_paucifolia","P08","Thraupis_cyanocephala","B23",0
"Dendrophthora_paucifolia","P08","Trogon_personatus","B24",0
"Dendrophthora_paucifolia","P08","Turdus_fuscater","B25",0
"Dendrophthora_paucifolia","P08","Turdus_serranus","B26",0
"Dendrophthora_rotundata","P09","Ampelion_rubrocristatus","B01",0
"Dendrophthora_rotundata","P09","Andigena_hypoglauca","B02",0
"Dendrophthora_rotundata","P09","Anisognathus_igniventris","B03",0
"Dendrophthora_rotundata","P09","Aulacorhynchus_coeruleicinctis","B04",0
"Dendrophthora_rotundata","P09","Buthraupis_montana","B05",3
"Dendrophthora_rotundata","P09","Cacicus_chrysonotus","B06",0
"Dendrophthora_rotundata","P09","Chlorornis_riefferii","B07",0
"Dendrophthora_rotundata","P09","Diglossa_brunneiventris","B08",0
"Dendrophthora_rotundata","P09","Diglossa_cyanea","B09",1
"Dendrophthora_rotundata","P09","Diglossa_mystacalis","B10",0
"Dendrophthora_rotundata","P09","Diglossa_sittoides","B11",0
"Dendrophthora_rotundata","P09","Elaenia_albiceps","B12",0
"Dendrophthora_rotundata","P09","Elaenia_pallatangae","B13",0
"Dendrophthora_rotundata","P09","Iridosornis_jelskii","B14",0
"Dendrophthora_rotundata","P09","Mionectes_striaticollis","B15",0
"Dendrophthora_rotundata","P09","Patagioenas_fasciata","B16",0
"Dendrophthora_rotundata","P09","Penelope_montagnii","B17",0
"Dendrophthora_rotundata","P09","Pipreola_arcuata","B18",0
"Dendrophthora_rotundata","P09","Pipreola_intermedia","B19",0
"Dendrophthora_rotundata","P09","Tangara_nigroviridis","B20",0
"Dendrophthora_rotundata","P09","Tangara_vassorii","B21",0
"Dendrophthora_rotundata","P09","Thraupis_bonariensis","B22",0
"Dendrophthora_rotundata","P09","Thraupis_cyanocephala","B23",0
"Dendrophthora_rotundata","P09","Trogon_personatus","B24",0
"Dendrophthora_rotundata","P09","Turdus_fuscater","B25",0
"Dendrophthora_rotundata","P09","Turdus_serranus","B26",0
"Diogenesia_vargasiana","P10","Ampelion_rubrocristatus","B01",0
"Diogenesia_vargasiana","P10","Andigena_hypoglauca","B02",0
"Diogenesia_vargasiana","P10","Anisognathus_igniventris","B03",23
"Diogenesia_vargasiana","P10","Aulacorhynchus_coeruleicinctis","B04",0
"Diogenesia_vargasiana","P10","Buthraupis_montana","B05",5
"Diogenesia_vargasiana","P10","Cacicus_chrysonotus","B06",0
"Diogenesia_vargasiana","P10","Chlorornis_riefferii","B07",3
"Diogenesia_vargasiana","P10","Diglossa_brunneiventris","B08",1
"Diogenesia_vargasiana","P10","Diglossa_cyanea","B09",18
"Diogenesia_vargasiana","P10","Diglossa_mystacalis","B10",0
"Diogenesia_vargasiana","P10","Diglossa_sittoides","B11",0
"Diogenesia_vargasiana","P10","Elaenia_albiceps","B12",0
"Diogenesia_vargasiana","P10","Elaenia_pallatangae","B13",14
"Diogenesia_vargasiana","P10","Iridosornis_jelskii","B14",4
"Diogenesia_vargasiana","P10","Mionectes_striaticollis","B15",0
"Diogenesia_vargasiana","P10","Patagioenas_fasciata","B16",0
"Diogenesia_vargasiana","P10","Penelope_montagnii","B17",0
"Diogenesia_vargasiana","P10","Pipreola_arcuata","B18",1
"Diogenesia_vargasiana","P10","Pipreola_intermedia","B19",0
"Diogenesia_vargasiana","P10","Tangara_nigroviridis","B20",0
"Diogenesia_vargasiana","P10","Tangara_vassorii","B21",0
"Diogenesia_vargasiana","P10","Thraupis_bonariensis","B22",0
"Diogenesia_vargasiana","P10","Thraupis_cyanocephala","B23",2
"Diogenesia_vargasiana","P10","Trogon_personatus","B24",0
"Diogenesia_vargasiana","P10","Turdus_fuscater","B25",3
"Diogenesia_vargasiana","P10","Turdus_serranus","B26",1
"Disterigma_alaternoides","P11","Ampelion_rubrocristatus","B01",0
"Disterigma_alaternoides","P11","Andigena_hypoglauca","B02",0
"Disterigma_alaternoides","P11","Anisognathus_igniventris","B03",1
"Disterigma_alaternoides","P11","Aulacorhynchus_coeruleicinctis","B04",0
"Disterigma_alaternoides","P11","Buthraupis_montana","B05",0
"Disterigma_alaternoides","P11","Cacicus_chrysonotus","B06",0
"Disterigma_alaternoides","P11","Chlorornis_riefferii","B07",2
"Disterigma_alaternoides","P11","Diglossa_brunneiventris","B08",0
"Disterigma_alaternoides","P11","Diglossa_cyanea","B09",0
"Disterigma_alaternoides","P11","Diglossa_mystacalis","B10",0
"Disterigma_alaternoides","P11","Diglossa_sittoides","B11",0
"Disterigma_alaternoides","P11","Elaenia_albiceps","B12",0
"Disterigma_alaternoides","P11","Elaenia_pallatangae","B13",0
"Disterigma_alaternoides","P11","Iridosornis_jelskii","B14",0
"Disterigma_alaternoides","P11","Mionectes_striaticollis","B15",0
"Disterigma_alaternoides","P11","Patagioenas_fasciata","B16",0
"Disterigma_alaternoides","P11","Penelope_montagnii","B17",0
"Disterigma_alaternoides","P11","Pipreola_arcuata","B18",0
"Disterigma_alaternoides","P11","Pipreola_intermedia","B19",0
"Disterigma_alaternoides","P11","Tangara_nigroviridis","B20",0
"Disterigma_alaternoides","P11","Tangara_vassorii","B21",0
"Disterigma_alaternoides","P11","Thraupis_bonariensis","B22",0
"Disterigma_alaternoides","P11","Thraupis_cyanocephala","B23",0
"Disterigma_alaternoides","P11","Trogon_personatus","B24",0
"Disterigma_alaternoides","P11","Turdus_fuscater","B25",0
"Disterigma_alaternoides","P11","Turdus_serranus","B26",0
"Disterigma_ovatum","P12","Ampelion_rubrocristatus","B01",0
"Disterigma_ovatum","P12","Andigena_hypoglauca","B02",0
"Disterigma_ovatum","P12","Anisognathus_igniventris","B03",1
"Disterigma_ovatum","P12","Aulacorhynchus_coeruleicinctis","B04",0
"Disterigma_ovatum","P12","Buthraupis_montana","B05",0
"Disterigma_ovatum","P12","Cacicus_chrysonotus","B06",0
"Disterigma_ovatum","P12","Chlorornis_riefferii","B07",0
"Disterigma_ovatum","P12","Diglossa_brunneiventris","B08",0
"Disterigma_ovatum","P12","Diglossa_cyanea","B09",0
"Disterigma_ovatum","P12","Diglossa_mystacalis","B10",0
"Disterigma_ovatum","P12","Diglossa_sittoides","B11",0
"Disterigma_ovatum","P12","Elaenia_albiceps","B12",0
"Disterigma_ovatum","P12","Elaenia_pallatangae","B13",0
"Disterigma_ovatum","P12","Iridosornis_jelskii","B14",0
"Disterigma_ovatum","P12","Mionectes_striaticollis","B15",0
"Disterigma_ovatum","P12","Patagioenas_fasciata","B16",0
"Disterigma_ovatum","P12","Penelope_montagnii","B17",0
"Disterigma_ovatum","P12","Pipreola_arcuata","B18",0
"Disterigma_ovatum","P12","Pipreola_intermedia","B19",0
"Disterigma_ovatum","P12","Tangara_nigroviridis","B20",0
"Disterigma_ovatum","P12","Tangara_vassorii","B21",0
"Disterigma_ovatum","P12","Thraupis_bonariensis","B22",0
"Disterigma_ovatum","P12","Thraupis_cyanocephala","B23",0
"Disterigma_ovatum","P12","Trogon_personatus","B24",0
"Disterigma_ovatum","P12","Turdus_fuscater","B25",0
"Disterigma_ovatum","P12","Turdus_serranus","B26",0
"Freziera_karsteniana","P13","Ampelion_rubrocristatus","B01",0
"Freziera_karsteniana","P13","Andigena_hypoglauca","B02",0
"Freziera_karsteniana","P13","Anisognathus_igniventris","B03",1
"Freziera_karsteniana","P13","Aulacorhynchus_coeruleicinctis","B04",0
"Freziera_karsteniana","P13","Buthraupis_montana","B05",0
"Freziera_karsteniana","P13","Cacicus_chrysonotus","B06",0
"Freziera_karsteniana","P13","Chlorornis_riefferii","B07",0
"Freziera_karsteniana","P13","Diglossa_brunneiventris","B08",0
"Freziera_karsteniana","P13","Diglossa_cyanea","B09",0
"Freziera_karsteniana","P13","Diglossa_mystacalis","B10",0
"Freziera_karsteniana","P13","Diglossa_sittoides","B11",0
"Freziera_karsteniana","P13","Elaenia_albiceps","B12",0
"Freziera_karsteniana","P13","Elaenia_pallatangae","B13",0
"Freziera_karsteniana","P13","Iridosornis_jelskii","B14",0
"Freziera_karsteniana","P13","Mionectes_striaticollis","B15",0
"Freziera_karsteniana","P13","Patagioenas_fasciata","B16",0
"Freziera_karsteniana","P13","Penelope_montagnii","B17",0
"Freziera_karsteniana","P13","Pipreola_arcuata","B18",1
"Freziera_karsteniana","P13","Pipreola_intermedia","B19",0
"Freziera_karsteniana","P13","Tangara_nigroviridis","B20",0
"Freziera_karsteniana","P13","Tangara_vassorii","B21",0
"Freziera_karsteniana","P13","Thraupis_bonariensis","B22",0
"Freziera_karsteniana","P13","Thraupis_cyanocephala","B23",1
"Freziera_karsteniana","P13","Trogon_personatus","B24",0
"Freziera_karsteniana","P13","Turdus_fuscater","B25",0
"Freziera_karsteniana","P13","Turdus_serranus","B26",1
"Freziera_reticulata","P14","Ampelion_rubrocristatus","B01",0
"Freziera_reticulata","P14","Andigena_hypoglauca","B02",0
"Freziera_reticulata","P14","Anisognathus_igniventris","B03",0
"Freziera_reticulata","P14","Aulacorhynchus_coeruleicinctis","B04",0
"Freziera_reticulata","P14","Buthraupis_montana","B05",0
"Freziera_reticulata","P14","Cacicus_chrysonotus","B06",0
"Freziera_reticulata","P14","Chlorornis_riefferii","B07",0
"Freziera_reticulata","P14","Diglossa_brunneiventris","B08",0
"Freziera_reticulata","P14","Diglossa_cyanea","B09",0
"Freziera_reticulata","P14","Diglossa_mystacalis","B10",0
"Freziera_reticulata","P14","Diglossa_sittoides","B11",0
"Freziera_reticulata","P14","Elaenia_albiceps","B12",0
"Freziera_reticulata","P14","Elaenia_pallatangae","B13",0
"Freziera_reticulata","P14","Iridosornis_jelskii","B14",0
"Freziera_reticulata","P14","Mionectes_striaticollis","B15",0
"Freziera_reticulata","P14","Patagioenas_fasciata","B16",0
"Freziera_reticulata","P14","Penelope_montagnii","B17",0
"Freziera_reticulata","P14","Pipreola_arcuata","B18",1
"Freziera_reticulata","P14","Pipreola_intermedia","B19",0
"Freziera_reticulata","P14","Tangara_nigroviridis","B20",0
"Freziera_reticulata","P14","Tangara_vassorii","B21",0
"Freziera_reticulata","P14","Thraupis_bonariensis","B22",0
"Freziera_reticulata","P14","Thraupis_cyanocephala","B23",0
"Freziera_reticulata","P14","Trogon_personatus","B24",0
"Freziera_reticulata","P14","Turdus_fuscater","B25",0
"Freziera_reticulata","P14","Turdus_serranus","B26",0
"Freziera_uncinata","P15","Ampelion_rubrocristatus","B01",0
"Freziera_uncinata","P15","Andigena_hypoglauca","B02",0
"Freziera_uncinata","P15","Anisognathus_igniventris","B03",0
"Freziera_uncinata","P15","Aulacorhynchus_coeruleicinctis","B04",0
"Freziera_uncinata","P15","Buthraupis_montana","B05",5
"Freziera_uncinata","P15","Cacicus_chrysonotus","B06",0
"Freziera_uncinata","P15","Chlorornis_riefferii","B07",0
"Freziera_uncinata","P15","Diglossa_brunneiventris","B08",0
"Freziera_uncinata","P15","Diglossa_cyanea","B09",0
"Freziera_uncinata","P15","Diglossa_mystacalis","B10",0
"Freziera_uncinata","P15","Diglossa_sittoides","B11",0
"Freziera_uncinata","P15","Elaenia_albiceps","B12",0
"Freziera_uncinata","P15","Elaenia_pallatangae","B13",0
"Freziera_uncinata","P15","Iridosornis_jelskii","B14",0
"Freziera_uncinata","P15","Mionectes_striaticollis","B15",0
"Freziera_uncinata","P15","Patagioenas_fasciata","B16",0
"Freziera_uncinata","P15","Penelope_montagnii","B17",0
"Freziera_uncinata","P15","Pipreola_arcuata","B18",0
"Freziera_uncinata","P15","Pipreola_intermedia","B19",0
"Freziera_uncinata","P15","Tangara_nigroviridis","B20",0
"Freziera_uncinata","P15","Tangara_vassorii","B21",4
"Freziera_uncinata","P15","Thraupis_bonariensis","B22",0
"Freziera_uncinata","P15","Thraupis_cyanocephala","B23",0
"Freziera_uncinata","P15","Trogon_personatus","B24",0
"Freziera_uncinata","P15","Turdus_fuscater","B25",0
"Freziera_uncinata","P15","Turdus_serranus","B26",0
"Gaultheria_bracteata","P16","Ampelion_rubrocristatus","B01",0
"Gaultheria_bracteata","P16","Andigena_hypoglauca","B02",0
"Gaultheria_bracteata","P16","Anisognathus_igniventris","B03",4
"Gaultheria_bracteata","P16","Aulacorhynchus_coeruleicinctis","B04",0
"Gaultheria_bracteata","P16","Buthraupis_montana","B05",1
"Gaultheria_bracteata","P16","Cacicus_chrysonotus","B06",0
"Gaultheria_bracteata","P16","Chlorornis_riefferii","B07",1
"Gaultheria_bracteata","P16","Diglossa_brunneiventris","B08",0
"Gaultheria_bracteata","P16","Diglossa_cyanea","B09",4
"Gaultheria_bracteata","P16","Diglossa_mystacalis","B10",0
"Gaultheria_bracteata","P16","Diglossa_sittoides","B11",0
"Gaultheria_bracteata","P16","Elaenia_albiceps","B12",0
"Gaultheria_bracteata","P16","Elaenia_pallatangae","B13",0
"Gaultheria_bracteata","P16","Iridosornis_jelskii","B14",7
"Gaultheria_bracteata","P16","Mionectes_striaticollis","B15",0
"Gaultheria_bracteata","P16","Patagioenas_fasciata","B16",0
"Gaultheria_bracteata","P16","Penelope_montagnii","B17",0
"Gaultheria_bracteata","P16","Pipreola_arcuata","B18",0
"Gaultheria_bracteata","P16","Pipreola_intermedia","B19",0
"Gaultheria_bracteata","P16","Tangara_nigroviridis","B20",0
"Gaultheria_bracteata","P16","Tangara_vassorii","B21",0
"Gaultheria_bracteata","P16","Thraupis_bonariensis","B22",0
"Gaultheria_bracteata","P16","Thraupis_cyanocephala","B23",3
"Gaultheria_bracteata","P16","Trogon_personatus","B24",0
"Gaultheria_bracteata","P16","Turdus_fuscater","B25",0
"Gaultheria_bracteata","P16","Turdus_serranus","B26",0
"Gaultheria_buxifolia","P17","Ampelion_rubrocristatus","B01",0
"Gaultheria_buxifolia","P17","Andigena_hypoglauca","B02",0
"Gaultheria_buxifolia","P17","Anisognathus_igniventris","B03",4
"Gaultheria_buxifolia","P17","Aulacorhynchus_coeruleicinctis","B04",0
"Gaultheria_buxifolia","P17","Buthraupis_montana","B05",4
"Gaultheria_buxifolia","P17","Cacicus_chrysonotus","B06",0
"Gaultheria_buxifolia","P17","Chlorornis_riefferii","B07",5
"Gaultheria_buxifolia","P17","Diglossa_brunneiventris","B08",0
"Gaultheria_buxifolia","P17","Diglossa_cyanea","B09",0
"Gaultheria_buxifolia","P17","Diglossa_mystacalis","B10",0
"Gaultheria_buxifolia","P17","Diglossa_sittoides","B11",0
"Gaultheria_buxifolia","P17","Elaenia_albiceps","B12",0
"Gaultheria_buxifolia","P17","Elaenia_pallatangae","B13",0
"Gaultheria_buxifolia","P17","Iridosornis_jelskii","B14",1
"Gaultheria_buxifolia","P17","Mionectes_striaticollis","B15",1
"Gaultheria_buxifolia","P17","Patagioenas_fasciata","B16",0
"Gaultheria_buxifolia","P17","Penelope_montagnii","B17",0
"Gaultheria_buxifolia","P17","Pipreola_arcuata","B18",0
"Gaultheria_buxifolia","P17","Pipreola_intermedia","B19",0
"Gaultheria_buxifolia","P17","Tangara_nigroviridis","B20",0
"Gaultheria_buxifolia","P17","Tangara_vassorii","B21",0
"Gaultheria_buxifolia","P17","Thraupis_bonariensis","B22",0
"Gaultheria_buxifolia","P17","Thraupis_cyanocephala","B23",0
"Gaultheria_buxifolia","P17","Trogon_personatus","B24",0
"Gaultheria_buxifolia","P17","Turdus_fuscater","B25",0
"Gaultheria_buxifolia","P17","Turdus_serranus","B26",0
"Gaultheria_reticulata","P18","Ampelion_rubrocristatus","B01",0
"Gaultheria_reticulata","P18","Andigena_hypoglauca","B02",0
"Gaultheria_reticulata","P18","Anisognathus_igniventris","B03",11
"Gaultheria_reticulata","P18","Aulacorhynchus_coeruleicinctis","B04",0
"Gaultheria_reticulata","P18","Buthraupis_montana","B05",5
"Gaultheria_reticulata","P18","Cacicus_chrysonotus","B06",0
"Gaultheria_reticulata","P18","Chlorornis_riefferii","B07",2
"Gaultheria_reticulata","P18","Diglossa_brunneiventris","B08",0
"Gaultheria_reticulata","P18","Diglossa_cyanea","B09",3
"Gaultheria_reticulata","P18","Diglossa_mystacalis","B10",0
"Gaultheria_reticulata","P18","Diglossa_sittoides","B11",0
"Gaultheria_reticulata","P18","Elaenia_albiceps","B12",0
"Gaultheria_reticulata","P18","Elaenia_pallatangae","B13",0
"Gaultheria_reticulata","P18","Iridosornis_jelskii","B14",4
"Gaultheria_reticulata","P18","Mionectes_striaticollis","B15",0
"Gaultheria_reticulata","P18","Patagioenas_fasciata","B16",0
"Gaultheria_reticulata","P18","Penelope_montagnii","B17",0
"Gaultheria_reticulata","P18","Pipreola_arcuata","B18",0
"Gaultheria_reticulata","P18","Pipreola_intermedia","B19",0
"Gaultheria_reticulata","P18","Tangara_nigroviridis","B20",0
"Gaultheria_reticulata","P18","Tangara_vassorii","B21",0
"Gaultheria_reticulata","P18","Thraupis_bonariensis","B22",0
"Gaultheria_reticulata","P18","Thraupis_cyanocephala","B23",4
"Gaultheria_reticulata","P18","Trogon_personatus","B24",0
"Gaultheria_reticulata","P18","Turdus_fuscater","B25",0
"Gaultheria_reticulata","P18","Turdus_serranus","B26",0
"Hedyosmum_angustifolium","P19","Ampelion_rubrocristatus","B01",0
"Hedyosmum_angustifolium","P19","Andigena_hypoglauca","B02",0
"Hedyosmum_angustifolium","P19","Anisognathus_igniventris","B03",0
"Hedyosmum_angustifolium","P19","Aulacorhynchus_coeruleicinctis","B04",0
"Hedyosmum_angustifolium","P19","Buthraupis_montana","B05",0
"Hedyosmum_angustifolium","P19","Cacicus_chrysonotus","B06",0
"Hedyosmum_angustifolium","P19","Chlorornis_riefferii","B07",0
"Hedyosmum_angustifolium","P19","Diglossa_brunneiventris","B08",0
"Hedyosmum_angustifolium","P19","Diglossa_cyanea","B09",0
"Hedyosmum_angustifolium","P19","Diglossa_mystacalis","B10",0
"Hedyosmum_angustifolium","P19","Diglossa_sittoides","B11",0
"Hedyosmum_angustifolium","P19","Elaenia_albiceps","B12",0
"Hedyosmum_angustifolium","P19","Elaenia_pallatangae","B13",0
"Hedyosmum_angustifolium","P19","Iridosornis_jelskii","B14",0
"Hedyosmum_angustifolium","P19","Mionectes_striaticollis","B15",0
"Hedyosmum_angustifolium","P19","Patagioenas_fasciata","B16",0
"Hedyosmum_angustifolium","P19","Penelope_montagnii","B17",1
"Hedyosmum_angustifolium","P19","Pipreola_arcuata","B18",17
"Hedyosmum_angustifolium","P19","Pipreola_intermedia","B19",4
"Hedyosmum_angustifolium","P19","Tangara_nigroviridis","B20",0
"Hedyosmum_angustifolium","P19","Tangara_vassorii","B21",0
"Hedyosmum_angustifolium","P19","Thraupis_bonariensis","B22",0
"Hedyosmum_angustifolium","P19","Thraupis_cyanocephala","B23",0
"Hedyosmum_angustifolium","P19","Trogon_personatus","B24",0
"Hedyosmum_angustifolium","P19","Turdus_fuscater","B25",0
"Hedyosmum_angustifolium","P19","Turdus_serranus","B26",0
"Hedyosmum_cuatrecazanum","P20","Ampelion_rubrocristatus","B01",0
"Hedyosmum_cuatrecazanum","P20","Andigena_hypoglauca","B02",0
"Hedyosmum_cuatrecazanum","P20","Anisognathus_igniventris","B03",0
"Hedyosmum_cuatrecazanum","P20","Aulacorhynchus_coeruleicinctis","B04",0
"Hedyosmum_cuatrecazanum","P20","Buthraupis_montana","B05",0
"Hedyosmum_cuatrecazanum","P20","Cacicus_chrysonotus","B06",0
"Hedyosmum_cuatrecazanum","P20","Chlorornis_riefferii","B07",0
"Hedyosmum_cuatrecazanum","P20","Diglossa_brunneiventris","B08",0
"Hedyosmum_cuatrecazanum","P20","Diglossa_cyanea","B09",0
"Hedyosmum_cuatrecazanum","P20","Diglossa_mystacalis","B10",0
"Hedyosmum_cuatrecazanum","P20","Diglossa_sittoides","B11",0
"Hedyosmum_cuatrecazanum","P20","Elaenia_albiceps","B12",0
"Hedyosmum_cuatrecazanum","P20","Elaenia_pallatangae","B13",0
"Hedyosmum_cuatrecazanum","P20","Iridosornis_jelskii","B14",0
"Hedyosmum_cuatrecazanum","P20","Mionectes_striaticollis","B15",0
"Hedyosmum_cuatrecazanum","P20","Patagioenas_fasciata","B16",0
"Hedyosmum_cuatrecazanum","P20","Penelope_montagnii","B17",0
"Hedyosmum_cuatrecazanum","P20","Pipreola_arcuata","B18",1
"Hedyosmum_cuatrecazanum","P20","Pipreola_intermedia","B19",0
"Hedyosmum_cuatrecazanum","P20","Tangara_nigroviridis","B20",0
"Hedyosmum_cuatrecazanum","P20","Tangara_vassorii","B21",0
"Hedyosmum_cuatrecazanum","P20","Thraupis_bonariensis","B22",0
"Hedyosmum_cuatrecazanum","P20","Thraupis_cyanocephala","B23",0
"Hedyosmum_cuatrecazanum","P20","Trogon_personatus","B24",0
"Hedyosmum_cuatrecazanum","P20","Turdus_fuscater","B25",0
"Hedyosmum_cuatrecazanum","P20","Turdus_serranus","B26",0
"Hesperomeles_ferruginea","P21","Ampelion_rubrocristatus","B01",0
"Hesperomeles_ferruginea","P21","Andigena_hypoglauca","B02",0
"Hesperomeles_ferruginea","P21","Anisognathus_igniventris","B03",1
"Hesperomeles_ferruginea","P21","Aulacorhynchus_coeruleicinctis","B04",0
"Hesperomeles_ferruginea","P21","Buthraupis_montana","B05",13
"Hesperomeles_ferruginea","P21","Cacicus_chrysonotus","B06",0
"Hesperomeles_ferruginea","P21","Chlorornis_riefferii","B07",5
"Hesperomeles_ferruginea","P21","Diglossa_brunneiventris","B08",0
"Hesperomeles_ferruginea","P21","Diglossa_cyanea","B09",0
"Hesperomeles_ferruginea","P21","Diglossa_mystacalis","B10",0
"Hesperomeles_ferruginea","P21","Diglossa_sittoides","B11",0
"Hesperomeles_ferruginea","P21","Elaenia_albiceps","B12",0
"Hesperomeles_ferruginea","P21","Elaenia_pallatangae","B13",0
"Hesperomeles_ferruginea","P21","Iridosornis_jelskii","B14",2
"Hesperomeles_ferruginea","P21","Mionectes_striaticollis","B15",0
"Hesperomeles_ferruginea","P21","Patagioenas_fasciata","B16",0
"Hesperomeles_ferruginea","P21","Penelope_montagnii","B17",1
"Hesperomeles_ferruginea","P21","Pipreola_arcuata","B18",6
"Hesperomeles_ferruginea","P21","Pipreola_intermedia","B19",1
"Hesperomeles_ferruginea","P21","Tangara_nigroviridis","B20",0
"Hesperomeles_ferruginea","P21","Tangara_vassorii","B21",0
"Hesperomeles_ferruginea","P21","Thraupis_bonariensis","B22",0
"Hesperomeles_ferruginea","P21","Thraupis_cyanocephala","B23",0
"Hesperomeles_ferruginea","P21","Trogon_personatus","B24",0
"Hesperomeles_ferruginea","P21","Turdus_fuscater","B25",10
"Hesperomeles_ferruginea","P21","Turdus_serranus","B26",0
"Licaria_sp","P22","Ampelion_rubrocristatus","B01",0
"Licaria_sp","P22","Andigena_hypoglauca","B02",2
"Licaria_sp","P22","Anisognathus_igniventris","B03",0
"Licaria_sp","P22","Aulacorhynchus_coeruleicinctis","B04",0
"Licaria_sp","P22","Buthraupis_montana","B05",0
"Licaria_sp","P22","Cacicus_chrysonotus","B06",0
"Licaria_sp","P22","Chlorornis_riefferii","B07",0
"Licaria_sp","P22","Diglossa_brunneiventris","B08",0
"Licaria_sp","P22","Diglossa_cyanea","B09",0
"Licaria_sp","P22","Diglossa_mystacalis","B10",0
"Licaria_sp","P22","Diglossa_sittoides","B11",0
"Licaria_sp","P22","Elaenia_albiceps","B12",0
"Licaria_sp","P22","Elaenia_pallatangae","B13",0
"Licaria_sp","P22","Iridosornis_jelskii","B14",0
"Licaria_sp","P22","Mionectes_striaticollis","B15",0
"Licaria_sp","P22","Patagioenas_fasciata","B16",0
"Licaria_sp","P22","Penelope_montagnii","B17",0
"Licaria_sp","P22","Pipreola_arcuata","B18",0
"Licaria_sp","P22","Pipreola_intermedia","B19",0
"Licaria_sp","P22","Tangara_nigroviridis","B20",0
"Licaria_sp","P22","Tangara_vassorii","B21",0
"Licaria_sp","P22","Thraupis_bonariensis","B22",0
"Licaria_sp","P22","Thraupis_cyanocephala","B23",0
"Licaria_sp","P22","Trogon_personatus","B24",0
"Licaria_sp","P22","Turdus_fuscater","B25",0
"Licaria_sp","P22","Turdus_serranus","B26",0
"Ligaria_cuneifolia","P23","Ampelion_rubrocristatus","B01",0
"Ligaria_cuneifolia","P23","Andigena_hypoglauca","B02",0
"Ligaria_cuneifolia","P23","Anisognathus_igniventris","B03",0
"Ligaria_cuneifolia","P23","Aulacorhynchus_coeruleicinctis","B04",0
"Ligaria_cuneifolia","P23","Buthraupis_montana","B05",1
"Ligaria_cuneifolia","P23","Cacicus_chrysonotus","B06",0
"Ligaria_cuneifolia","P23","Chlorornis_riefferii","B07",16
"Ligaria_cuneifolia","P23","Diglossa_brunneiventris","B08",0
"Ligaria_cuneifolia","P23","Diglossa_cyanea","B09",0
"Ligaria_cuneifolia","P23","Diglossa_mystacalis","B10",0
"Ligaria_cuneifolia","P23","Diglossa_sittoides","B11",0
"Ligaria_cuneifolia","P23","Elaenia_albiceps","B12",0
"Ligaria_cuneifolia","P23","Elaenia_pallatangae","B13",0
"Ligaria_cuneifolia","P23","Iridosornis_jelskii","B14",0
"Ligaria_cuneifolia","P23","Mionectes_striaticollis","B15",0
"Ligaria_cuneifolia","P23","Patagioenas_fasciata","B16",1
"Ligaria_cuneifolia","P23","Penelope_montagnii","B17",0
"Ligaria_cuneifolia","P23","Pipreola_arcuata","B18",2
"Ligaria_cuneifolia","P23","Pipreola_intermedia","B19",0
"Ligaria_cuneifolia","P23","Tangara_nigroviridis","B20",0
"Ligaria_cuneifolia","P23","Tangara_vassorii","B21",0
"Ligaria_cuneifolia","P23","Thraupis_bonariensis","B22",0
"Ligaria_cuneifolia","P23","Thraupis_cyanocephala","B23",0
"Ligaria_cuneifolia","P23","Trogon_personatus","B24",0
"Ligaria_cuneifolia","P23","Turdus_fuscater","B25",0
"Ligaria_cuneifolia","P23","Turdus_serranus","B26",0
"Miconia_aprica","P24","Ampelion_rubrocristatus","B01",0
"Miconia_aprica","P24","Andigena_hypoglauca","B02",0
"Miconia_aprica","P24","Anisognathus_igniventris","B03",10
"Miconia_aprica","P24","Aulacorhynchus_coeruleicinctis","B04",0
"Miconia_aprica","P24","Buthraupis_montana","B05",0
"Miconia_aprica","P24","Cacicus_chrysonotus","B06",1
"Miconia_aprica","P24","Chlorornis_riefferii","B07",0
"Miconia_aprica","P24","Diglossa_brunneiventris","B08",0
"Miconia_aprica","P24","Diglossa_cyanea","B09",2
"Miconia_aprica","P24","Diglossa_mystacalis","B10",0
"Miconia_aprica","P24","Diglossa_sittoides","B11",0
"Miconia_aprica","P24","Elaenia_albiceps","B12",0
"Miconia_aprica","P24","Elaenia_pallatangae","B13",0
"Miconia_aprica","P24","Iridosornis_jelskii","B14",0
"Miconia_aprica","P24","Mionectes_striaticollis","B15",0
"Miconia_aprica","P24","Patagioenas_fasciata","B16",0
"Miconia_aprica","P24","Penelope_montagnii","B17",0
"Miconia_aprica","P24","Pipreola_arcuata","B18",3
"Miconia_aprica","P24","Pipreola_intermedia","B19",2
"Miconia_aprica","P24","Tangara_nigroviridis","B20",0
"Miconia_aprica","P24","Tangara_vassorii","B21",1
"Miconia_aprica","P24","Thraupis_bonariensis","B22",0
"Miconia_aprica","P24","Thraupis_cyanocephala","B23",0
"Miconia_aprica","P24","Trogon_personatus","B24",0
"Miconia_aprica","P24","Turdus_fuscater","B25",0
"Miconia_aprica","P24","Turdus_serranus","B26",0
"Miconia_denticulata","P25","Ampelion_rubrocristatus","B01",0
"Miconia_denticulata","P25","Andigena_hypoglauca","B02",0
"Miconia_denticulata","P25","Anisognathus_igniventris","B03",7
"Miconia_denticulata","P25","Aulacorhynchus_coeruleicinctis","B04",0
"Miconia_denticulata","P25","Buthraupis_montana","B05",0
"Miconia_denticulata","P25","Cacicus_chrysonotus","B06",2
"Miconia_denticulata","P25","Chlorornis_riefferii","B07",0
"Miconia_denticulata","P25","Diglossa_brunneiventris","B08",0
"Miconia_denticulata","P25","Diglossa_cyanea","B09",1
"Miconia_denticulata","P25","Diglossa_mystacalis","B10",0
"Miconia_denticulata","P25","Diglossa_sittoides","B11",0
"Miconia_denticulata","P25","Elaenia_albiceps","B12",0
"Miconia_denticulata","P25","Elaenia_pallatangae","B13",0
"Miconia_denticulata","P25","Iridosornis_jelskii","B14",0
"Miconia_denticulata","P25","Mionectes_striaticollis","B15",0
"Miconia_denticulata","P25","Patagioenas_fasciata","B16",0
"Miconia_denticulata","P25","Penelope_montagnii","B17",0
"Miconia_denticulata","P25","Pipreola_arcuata","B18",0
"Miconia_denticulata","P25","Pipreola_intermedia","B19",0
"Miconia_denticulata","P25","Tangara_nigroviridis","B20",0
"Miconia_denticulata","P25","Tangara_vassorii","B21",6
"Miconia_denticulata","P25","Thraupis_bonariensis","B22",0
"Miconia_denticulata","P25","Thraupis_cyanocephala","B23",1
"Miconia_denticulata","P25","Trogon_personatus","B24",0
"Miconia_denticulata","P25","Turdus_fuscater","B25",0
"Miconia_denticulata","P25","Turdus_serranus","B26",0
"Miconia_media","P26","Ampelion_rubrocristatus","B01",0
"Miconia_media","P26","Andigena_hypoglauca","B02",0
"Miconia_media","P26","Anisognathus_igniventris","B03",8
"Miconia_media","P26","Aulacorhynchus_coeruleicinctis","B04",0
"Miconia_media","P26","Buthraupis_montana","B05",4
"Miconia_media","P26","Cacicus_chrysonotus","B06",0
"Miconia_media","P26","Chlorornis_riefferii","B07",4
"Miconia_media","P26","Diglossa_brunneiventris","B08",0
"Miconia_media","P26","Diglossa_cyanea","B09",0
"Miconia_media","P26","Diglossa_mystacalis","B10",0
"Miconia_media","P26","Diglossa_sittoides","B11",0
"Miconia_media","P26","Elaenia_albiceps","B12",0
"Miconia_media","P26","Elaenia_pallatangae","B13",0
"Miconia_media","P26","Iridosornis_jelskii","B14",0
"Miconia_media","P26","Mionectes_striaticollis","B15",0
"Miconia_media","P26","Patagioenas_fasciata","B16",0
"Miconia_media","P26","Penelope_montagnii","B17",0
"Miconia_media","P26","Pipreola_arcuata","B18",0
"Miconia_media","P26","Pipreola_intermedia","B19",0
"Miconia_media","P26","Tangara_nigroviridis","B20",0
"Miconia_media","P26","Tangara_vassorii","B21",1
"Miconia_media","P26","Thraupis_bonariensis","B22",0
"Miconia_media","P26","Thraupis_cyanocephala","B23",2
"Miconia_media","P26","Trogon_personatus","B24",0
"Miconia_media","P26","Turdus_fuscater","B25",0
"Miconia_media","P26","Turdus_serranus","B26",0
"Miconia_micropetala","P27","Ampelion_rubrocristatus","B01",0
"Miconia_micropetala","P27","Andigena_hypoglauca","B02",0
"Miconia_micropetala","P27","Anisognathus_igniventris","B03",92
"Miconia_micropetala","P27","Aulacorhynchus_coeruleicinctis","B04",0
"Miconia_micropetala","P27","Buthraupis_montana","B05",5
"Miconia_micropetala","P27","Cacicus_chrysonotus","B06",2
"Miconia_micropetala","P27","Chlorornis_riefferii","B07",8
"Miconia_micropetala","P27","Diglossa_brunneiventris","B08",0
"Miconia_micropetala","P27","Diglossa_cyanea","B09",0
"Miconia_micropetala","P27","Diglossa_mystacalis","B10",0
"Miconia_micropetala","P27","Diglossa_sittoides","B11",0
"Miconia_micropetala","P27","Elaenia_albiceps","B12",0
"Miconia_micropetala","P27","Elaenia_pallatangae","B13",0
"Miconia_micropetala","P27","Iridosornis_jelskii","B14",0
"Miconia_micropetala","P27","Mionectes_striaticollis","B15",0
"Miconia_micropetala","P27","Patagioenas_fasciata","B16",0
"Miconia_micropetala","P27","Penelope_montagnii","B17",0
"Miconia_micropetala","P27","Pipreola_arcuata","B18",0
"Miconia_micropetala","P27","Pipreola_intermedia","B19",4
"Miconia_micropetala","P27","Tangara_nigroviridis","B20",0
"Miconia_micropetala","P27","Tangara_vassorii","B21",15
"Miconia_micropetala","P27","Thraupis_bonariensis","B22",0
"Miconia_micropetala","P27","Thraupis_cyanocephala","B23",0
"Miconia_micropetala","P27","Trogon_personatus","B24",0
"Miconia_micropetala","P27","Turdus_fuscater","B25",0
"Miconia_micropetala","P27","Turdus_serranus","B26",0
"Miconia_rubens","P28","Ampelion_rubrocristatus","B01",0
"Miconia_rubens","P28","Andigena_hypoglauca","B02",0
"Miconia_rubens","P28","Anisognathus_igniventris","B03",3
"Miconia_rubens","P28","Aulacorhynchus_coeruleicinctis","B04",0
"Miconia_rubens","P28","Buthraupis_montana","B05",0
"Miconia_rubens","P28","Cacicus_chrysonotus","B06",0
"Miconia_rubens","P28","Chlorornis_riefferii","B07",0
"Miconia_rubens","P28","Diglossa_brunneiventris","B08",0
"Miconia_rubens","P28","Diglossa_cyanea","B09",0
"Miconia_rubens","P28","Diglossa_mystacalis","B10",0
"Miconia_rubens","P28","Diglossa_sittoides","B11",0
"Miconia_rubens","P28","Elaenia_albiceps","B12",0
"Miconia_rubens","P28","Elaenia_pallatangae","B13",0
"Miconia_rubens","P28","Iridosornis_jelskii","B14",0
"Miconia_rubens","P28","Mionectes_striaticollis","B15",0
"Miconia_rubens","P28","Patagioenas_fasciata","B16",0
"Miconia_rubens","P28","Penelope_montagnii","B17",0
"Miconia_rubens","P28","Pipreola_arcuata","B18",0
"Miconia_rubens","P28","Pipreola_intermedia","B19",0
"Miconia_rubens","P28","Tangara_nigroviridis","B20",0
"Miconia_rubens","P28","Tangara_vassorii","B21",0
"Miconia_rubens","P28","Thraupis_bonariensis","B22",0
"Miconia_rubens","P28","Thraupis_cyanocephala","B23",0
"Miconia_rubens","P28","Trogon_personatus","B24",0
"Miconia_rubens","P28","Turdus_fuscater","B25",0
"Miconia_rubens","P28","Turdus_serranus","B26",0
"Miconia_sp2","P29","Ampelion_rubrocristatus","B01",0
"Miconia_sp2","P29","Andigena_hypoglauca","B02",0
"Miconia_sp2","P29","Anisognathus_igniventris","B03",0
"Miconia_sp2","P29","Aulacorhynchus_coeruleicinctis","B04",0
"Miconia_sp2","P29","Buthraupis_montana","B05",0
"Miconia_sp2","P29","Cacicus_chrysonotus","B06",0
"Miconia_sp2","P29","Chlorornis_riefferii","B07",0
"Miconia_sp2","P29","Diglossa_brunneiventris","B08",0
"Miconia_sp2","P29","Diglossa_cyanea","B09",0
"Miconia_sp2","P29","Diglossa_mystacalis","B10",0
"Miconia_sp2","P29","Diglossa_sittoides","B11",0
"Miconia_sp2","P29","Elaenia_albiceps","B12",0
"Miconia_sp2","P29","Elaenia_pallatangae","B13",0
"Miconia_sp2","P29","Iridosornis_jelskii","B14",0
"Miconia_sp2","P29","Mionectes_striaticollis","B15",0
"Miconia_sp2","P29","Patagioenas_fasciata","B16",0
"Miconia_sp2","P29","Penelope_montagnii","B17",0
"Miconia_sp2","P29","Pipreola_arcuata","B18",0
"Miconia_sp2","P29","Pipreola_intermedia","B19",0
"Miconia_sp2","P29","Tangara_nigroviridis","B20",0
"Miconia_sp2","P29","Tangara_vassorii","B21",1
"Miconia_sp2","P29","Thraupis_bonariensis","B22",0
"Miconia_sp2","P29","Thraupis_cyanocephala","B23",0
"Miconia_sp2","P29","Trogon_personatus","B24",0
"Miconia_sp2","P29","Turdus_fuscater","B25",0
"Miconia_sp2","P29","Turdus_serranus","B26",0
"Monnina_marginata","P30","Ampelion_rubrocristatus","B01",0
"Monnina_marginata","P30","Andigena_hypoglauca","B02",0
"Monnina_marginata","P30","Anisognathus_igniventris","B03",10
"Monnina_marginata","P30","Aulacorhynchus_coeruleicinctis","B04",0
"Monnina_marginata","P30","Buthraupis_montana","B05",3
"Monnina_marginata","P30","Cacicus_chrysonotus","B06",0
"Monnina_marginata","P30","Chlorornis_riefferii","B07",5
"Monnina_marginata","P30","Diglossa_brunneiventris","B08",0
"Monnina_marginata","P30","Diglossa_cyanea","B09",5
"Monnina_marginata","P30","Diglossa_mystacalis","B10",0
"Monnina_marginata","P30","Diglossa_sittoides","B11",0
"Monnina_marginata","P30","Elaenia_albiceps","B12",1
"Monnina_marginata","P30","Elaenia_pallatangae","B13",1
"Monnina_marginata","P30","Iridosornis_jelskii","B14",3
"Monnina_marginata","P30","Mionectes_striaticollis","B15",0
"Monnina_marginata","P30","Patagioenas_fasciata","B16",0
"Monnina_marginata","P30","Penelope_montagnii","B17",0
"Monnina_marginata","P30","Pipreola_arcuata","B18",0
"Monnina_marginata","P30","Pipreola_intermedia","B19",0
"Monnina_marginata","P30","Tangara_nigroviridis","B20",0
"Monnina_marginata","P30","Tangara_vassorii","B21",0
"Monnina_marginata","P30","Thraupis_bonariensis","B22",0
"Monnina_marginata","P30","Thraupis_cyanocephala","B23",10
"Monnina_marginata","P30","Trogon_personatus","B24",0
"Monnina_marginata","P30","Turdus_fuscater","B25",0
"Monnina_marginata","P30","Turdus_serranus","B26",0
"Morella_pubescens","P31","Ampelion_rubrocristatus","B01",0
"Morella_pubescens","P31","Andigena_hypoglauca","B02",0
"Morella_pubescens","P31","Anisognathus_igniventris","B03",8
"Morella_pubescens","P31","Aulacorhynchus_coeruleicinctis","B04",0
"Morella_pubescens","P31","Buthraupis_montana","B05",20
"Morella_pubescens","P31","Cacicus_chrysonotus","B06",10
"Morella_pubescens","P31","Chlorornis_riefferii","B07",0
"Morella_pubescens","P31","Diglossa_brunneiventris","B08",0
"Morella_pubescens","P31","Diglossa_cyanea","B09",2
"Morella_pubescens","P31","Diglossa_mystacalis","B10",0
"Morella_pubescens","P31","Diglossa_sittoides","B11",0
"Morella_pubescens","P31","Elaenia_albiceps","B12",0
"Morella_pubescens","P31","Elaenia_pallatangae","B13",2
"Morella_pubescens","P31","Iridosornis_jelskii","B14",0
"Morella_pubescens","P31","Mionectes_striaticollis","B15",0
"Morella_pubescens","P31","Patagioenas_fasciata","B16",0
"Morella_pubescens","P31","Penelope_montagnii","B17",0
"Morella_pubescens","P31","Pipreola_arcuata","B18",0
"Morella_pubescens","P31","Pipreola_intermedia","B19",0
"Morella_pubescens","P31","Tangara_nigroviridis","B20",0
"Morella_pubescens","P31","Tangara_vassorii","B21",0
"Morella_pubescens","P31","Thraupis_bonariensis","B22",0
"Morella_pubescens","P31","Thraupis_cyanocephala","B23",5
"Morella_pubescens","P31","Trogon_personatus","B24",0
"Morella_pubescens","P31","Turdus_fuscater","B25",3
"Morella_pubescens","P31","Turdus_serranus","B26",1
"Muehlenbeckia_tamnifolia","P32","Ampelion_rubrocristatus","B01",0
"Muehlenbeckia_tamnifolia","P32","Andigena_hypoglauca","B02",0
"Muehlenbeckia_tamnifolia","P32","Anisognathus_igniventris","B03",0
"Muehlenbeckia_tamnifolia","P32","Aulacorhynchus_coeruleicinctis","B04",0
"Muehlenbeckia_tamnifolia","P32","Buthraupis_montana","B05",0
"Muehlenbeckia_tamnifolia","P32","Cacicus_chrysonotus","B06",0
"Muehlenbeckia_tamnifolia","P32","Chlorornis_riefferii","B07",0
"Muehlenbeckia_tamnifolia","P32","Diglossa_brunneiventris","B08",0
"Muehlenbeckia_tamnifolia","P32","Diglossa_cyanea","B09",0
"Muehlenbeckia_tamnifolia","P32","Diglossa_mystacalis","B10",0
"Muehlenbeckia_tamnifolia","P32","Diglossa_sittoides","B11",0
"Muehlenbeckia_tamnifolia","P32","Elaenia_albiceps","B12",0
"Muehlenbeckia_tamnifolia","P32","Elaenia_pallatangae","B13",0
"Muehlenbeckia_tamnifolia","P32","Iridosornis_jelskii","B14",0
"Muehlenbeckia_tamnifolia","P32","Mionectes_striaticollis","B15",0
"Muehlenbeckia_tamnifolia","P32","Patagioenas_fasciata","B16",0
"Muehlenbeckia_tamnifolia","P32","Penelope_montagnii","B17",0
"Muehlenbeckia_tamnifolia","P32","Pipreola_arcuata","B18",0
"Muehlenbeckia_tamnifolia","P32","Pipreola_intermedia","B19",0
"Muehlenbeckia_tamnifolia","P32","Tangara_nigroviridis","B20",0
"Muehlenbeckia_tamnifolia","P32","Tangara_vassorii","B21",0
"Muehlenbeckia_tamnifolia","P32","Thraupis_bonariensis","B22",0
"Muehlenbeckia_tamnifolia","P32","Thraupis_cyanocephala","B23",0
"Muehlenbeckia_tamnifolia","P32","Trogon_personatus","B24",0
"Muehlenbeckia_tamnifolia","P32","Turdus_fuscater","B25",0
"Muehlenbeckia_tamnifolia","P32","Turdus_serranus","B26",1
"Myrsine_coriacea","P33","Ampelion_rubrocristatus","B01",0
"Myrsine_coriacea","P33","Andigena_hypoglauca","B02",0
"Myrsine_coriacea","P33","Anisognathus_igniventris","B03",13
"Myrsine_coriacea","P33","Aulacorhynchus_coeruleicinctis","B04",0
"Myrsine_coriacea","P33","Buthraupis_montana","B05",4
"Myrsine_coriacea","P33","Cacicus_chrysonotus","B06",0
"Myrsine_coriacea","P33","Chlorornis_riefferii","B07",0
"Myrsine_coriacea","P33","Diglossa_brunneiventris","B08",0
"Myrsine_coriacea","P33","Diglossa_cyanea","B09",1
"Myrsine_coriacea","P33","Diglossa_mystacalis","B10",0
"Myrsine_coriacea","P33","Diglossa_sittoides","B11",0
"Myrsine_coriacea","P33","Elaenia_albiceps","B12",1
"Myrsine_coriacea","P33","Elaenia_pallatangae","B13",2
"Myrsine_coriacea","P33","Iridosornis_jelskii","B14",1
"Myrsine_coriacea","P33","Mionectes_striaticollis","B15",0
"Myrsine_coriacea","P33","Patagioenas_fasciata","B16",0
"Myrsine_coriacea","P33","Penelope_montagnii","B17",0
"Myrsine_coriacea","P33","Pipreola_arcuata","B18",0
"Myrsine_coriacea","P33","Pipreola_intermedia","B19",0
"Myrsine_coriacea","P33","Tangara_nigroviridis","B20",0
"Myrsine_coriacea","P33","Tangara_vassorii","B21",0
"Myrsine_coriacea","P33","Thraupis_bonariensis","B22",0
"Myrsine_coriacea","P33","Thraupis_cyanocephala","B23",6
"Myrsine_coriacea","P33","Trogon_personatus","B24",0
"Myrsine_coriacea","P33","Turdus_fuscater","B25",2
"Myrsine_coriacea","P33","Turdus_serranus","B26",1
"Myrteola_phylicoides","P34","Ampelion_rubrocristatus","B01",0
"Myrteola_phylicoides","P34","Andigena_hypoglauca","B02",0
"Myrteola_phylicoides","P34","Anisognathus_igniventris","B03",0
"Myrteola_phylicoides","P34","Aulacorhynchus_coeruleicinctis","B04",0
"Myrteola_phylicoides","P34","Buthraupis_montana","B05",3
"Myrteola_phylicoides","P34","Cacicus_chrysonotus","B06",0
"Myrteola_phylicoides","P34","Chlorornis_riefferii","B07",4
"Myrteola_phylicoides","P34","Diglossa_brunneiventris","B08",0
"Myrteola_phylicoides","P34","Diglossa_cyanea","B09",0
"Myrteola_phylicoides","P34","Diglossa_mystacalis","B10",0
"Myrteola_phylicoides","P34","Diglossa_sittoides","B11",0
"Myrteola_phylicoides","P34","Elaenia_albiceps","B12",0
"Myrteola_phylicoides","P34","Elaenia_pallatangae","B13",0
"Myrteola_phylicoides","P34","Iridosornis_jelskii","B14",0
"Myrteola_phylicoides","P34","Mionectes_striaticollis","B15",0
"Myrteola_phylicoides","P34","Patagioenas_fasciata","B16",0
"Myrteola_phylicoides","P34","Penelope_montagnii","B17",0
"Myrteola_phylicoides","P34","Pipreola_arcuata","B18",0
"Myrteola_phylicoides","P34","Pipreola_intermedia","B19",0
"Myrteola_phylicoides","P34","Tangara_nigroviridis","B20",0
"Myrteola_phylicoides","P34","Tangara_vassorii","B21",2
"Myrteola_phylicoides","P34","Thraupis_bonariensis","B22",0
"Myrteola_phylicoides","P34","Thraupis_cyanocephala","B23",0
"Myrteola_phylicoides","P34","Trogon_personatus","B24",0
"Myrteola_phylicoides","P34","Turdus_fuscater","B25",0
"Myrteola_phylicoides","P34","Turdus_serranus","B26",0
"Orthaea_boliviensis","P35","Ampelion_rubrocristatus","B01",0
"Orthaea_boliviensis","P35","Andigena_hypoglauca","B02",0
"Orthaea_boliviensis","P35","Anisognathus_igniventris","B03",0
"Orthaea_boliviensis","P35","Aulacorhynchus_coeruleicinctis","B04",0
"Orthaea_boliviensis","P35","Buthraupis_montana","B05",0
"Orthaea_boliviensis","P35","Cacicus_chrysonotus","B06",0
"Orthaea_boliviensis","P35","Chlorornis_riefferii","B07",2
"Orthaea_boliviensis","P35","Diglossa_brunneiventris","B08",0
"Orthaea_boliviensis","P35","Diglossa_cyanea","B09",0
"Orthaea_boliviensis","P35","Diglossa_mystacalis","B10",0
"Orthaea_boliviensis","P35","Diglossa_sittoides","B11",0
"Orthaea_boliviensis","P35","Elaenia_albiceps","B12",0
"Orthaea_boliviensis","P35","Elaenia_pallatangae","B13",0
"Orthaea_boliviensis","P35","Iridosornis_jelskii","B14",0
"Orthaea_boliviensis","P35","Mionectes_striaticollis","B15",0
"Orthaea_boliviensis","P35","Patagioenas_fasciata","B16",0
"Orthaea_boliviensis","P35","Penelope_montagnii","B17",0
"Orthaea_boliviensis","P35","Pipreola_arcuata","B18",0
"Orthaea_boliviensis","P35","Pipreola_intermedia","B19",0
"Orthaea_boliviensis","P35","Tangara_nigroviridis","B20",0
"Orthaea_boliviensis","P35","Tangara_vassorii","B21",0
"Orthaea_boliviensis","P35","Thraupis_bonariensis","B22",0
"Orthaea_boliviensis","P35","Thraupis_cyanocephala","B23",0
"Orthaea_boliviensis","P35","Trogon_personatus","B24",0
"Orthaea_boliviensis","P35","Turdus_fuscater","B25",0
"Orthaea_boliviensis","P35","Turdus_serranus","B26",0
"Palicourea_stipularis","P36","Ampelion_rubrocristatus","B01",0
"Palicourea_stipularis","P36","Andigena_hypoglauca","B02",0
"Palicourea_stipularis","P36","Anisognathus_igniventris","B03",0
"Palicourea_stipularis","P36","Aulacorhynchus_coeruleicinctis","B04",0
"Palicourea_stipularis","P36","Buthraupis_montana","B05",0
"Palicourea_stipularis","P36","Cacicus_chrysonotus","B06",0
"Palicourea_stipularis","P36","Chlorornis_riefferii","B07",0
"Palicourea_stipularis","P36","Diglossa_brunneiventris","B08",0
"Palicourea_stipularis","P36","Diglossa_cyanea","B09",0
"Palicourea_stipularis","P36","Diglossa_mystacalis","B10",0
"Palicourea_stipularis","P36","Diglossa_sittoides","B11",0
"Palicourea_stipularis","P36","Elaenia_albiceps","B12",0
"Palicourea_stipularis","P36","Elaenia_pallatangae","B13",0
"Palicourea_stipularis","P36","Iridosornis_jelskii","B14",0
"Palicourea_stipularis","P36","Mionectes_striaticollis","B15",0
"Palicourea_stipularis","P36","Patagioenas_fasciata","B16",0
"Palicourea_stipularis","P36","Penelope_montagnii","B17",0
"Palicourea_stipularis","P36","Pipreola_arcuata","B18",0
"Palicourea_stipularis","P36","Pipreola_intermedia","B19",1
"Palicourea_stipularis","P36","Tangara_nigroviridis","B20",0
"Palicourea_stipularis","P36","Tangara_vassorii","B21",0
"Palicourea_stipularis","P36","Thraupis_bonariensis","B22",0
"Palicourea_stipularis","P36","Thraupis_cyanocephala","B23",0
"Palicourea_stipularis","P36","Trogon_personatus","B24",0
"Palicourea_stipularis","P36","Turdus_fuscater","B25",0
"Palicourea_stipularis","P36","Turdus_serranus","B26",0
"Pernettya_prostrata","P37","Ampelion_rubrocristatus","B01",0
"Pernettya_prostrata","P37","Andigena_hypoglauca","B02",0
"Pernettya_prostrata","P37","Anisognathus_igniventris","B03",14
"Pernettya_prostrata","P37","Aulacorhynchus_coeruleicinctis","B04",0
"Pernettya_prostrata","P37","Buthraupis_montana","B05",0
"Pernettya_prostrata","P37","Cacicus_chrysonotus","B06",0
"Pernettya_prostrata","P37","Chlorornis_riefferii","B07",0
"Pernettya_prostrata","P37","Diglossa_brunneiventris","B08",0
"Pernettya_prostrata","P37","Diglossa_cyanea","B09",7
"Pernettya_prostrata","P37","Diglossa_mystacalis","B10",0
"Pernettya_prostrata","P37","Diglossa_sittoides","B11",0
"Pernettya_prostrata","P37","Elaenia_albiceps","B12",0
"Pernettya_prostrata","P37","Elaenia_pallatangae","B13",13
"Pernettya_prostrata","P37","Iridosornis_jelskii","B14",0
"Pernettya_prostrata","P37","Mionectes_striaticollis","B15",0
"Pernettya_prostrata","P37","Patagioenas_fasciata","B16",0
"Pernettya_prostrata","P37","Penelope_montagnii","B17",0
"Pernettya_prostrata","P37","Pipreola_arcuata","B18",0
"Pernettya_prostrata","P37","Pipreola_intermedia","B19",0
"Pernettya_prostrata","P37","Tangara_nigroviridis","B20",0
"Pernettya_prostrata","P37","Tangara_vassorii","B21",0
"Pernettya_prostrata","P37","Thraupis_bonariensis","B22",0
"Pernettya_prostrata","P37","Thraupis_cyanocephala","B23",4
"Pernettya_prostrata","P37","Trogon_personatus","B24",0
"Pernettya_prostrata","P37","Turdus_fuscater","B25",0
"Pernettya_prostrata","P37","Turdus_serranus","B26",0
"Podocarpus_oleifolius","P38","Ampelion_rubrocristatus","B01",0
"Podocarpus_oleifolius","P38","Andigena_hypoglauca","B02",0
"Podocarpus_oleifolius","P38","Anisognathus_igniventris","B03",18
"Podocarpus_oleifolius","P38","Aulacorhynchus_coeruleicinctis","B04",0
"Podocarpus_oleifolius","P38","Buthraupis_montana","B05",8
"Podocarpus_oleifolius","P38","Cacicus_chrysonotus","B06",0
"Podocarpus_oleifolius","P38","Chlorornis_riefferii","B07",12
"Podocarpus_oleifolius","P38","Diglossa_brunneiventris","B08",0
"Podocarpus_oleifolius","P38","Diglossa_cyanea","B09",0
"Podocarpus_oleifolius","P38","Diglossa_mystacalis","B10",0
"Podocarpus_oleifolius","P38","Diglossa_sittoides","B11",0
"Podocarpus_oleifolius","P38","Elaenia_albiceps","B12",0
"Podocarpus_oleifolius","P38","Elaenia_pallatangae","B13",0
"Podocarpus_oleifolius","P38","Iridosornis_jelskii","B14",0
"Podocarpus_oleifolius","P38","Mionectes_striaticollis","B15",0
"Podocarpus_oleifolius","P38","Patagioenas_fasciata","B16",24
"Podocarpus_oleifolius","P38","Penelope_montagnii","B17",3
"Podocarpus_oleifolius","P38","Pipreola_arcuata","B18",3
"Podocarpus_oleifolius","P38","Pipreola_intermedia","B19",9
"Podocarpus_oleifolius","P38","Tangara_nigroviridis","B20",0
"Podocarpus_oleifolius","P38","Tangara_vassorii","B21",0
"Podocarpus_oleifolius","P38","Thraupis_bonariensis","B22",0
"Podocarpus_oleifolius","P38","Thraupis_cyanocephala","B23",2
"Podocarpus_oleifolius","P38","Trogon_personatus","B24",1
"Podocarpus_oleifolius","P38","Turdus_fuscater","B25",0
"Podocarpus_oleifolius","P38","Turdus_serranus","B26",0
"Prunus_integrifolia","P39","Ampelion_rubrocristatus","B01",0
"Prunus_integrifolia","P39","Andigena_hypoglauca","B02",9
"Prunus_integrifolia","P39","Anisognathus_igniventris","B03",0
"Prunus_integrifolia","P39","Aulacorhynchus_coeruleicinctis","B04",0
"Prunus_integrifolia","P39","Buthraupis_montana","B05",8
"Prunus_integrifolia","P39","Cacicus_chrysonotus","B06",0
"Prunus_integrifolia","P39","Chlorornis_riefferii","B07",0
"Prunus_integrifolia","P39","Diglossa_brunneiventris","B08",0
"Prunus_integrifolia","P39","Diglossa_cyanea","B09",0
"Prunus_integrifolia","P39","Diglossa_mystacalis","B10",0
"Prunus_integrifolia","P39","Diglossa_sittoides","B11",0
"Prunus_integrifolia","P39","Elaenia_albiceps","B12",0
"Prunus_integrifolia","P39","Elaenia_pallatangae","B13",0
"Prunus_integrifolia","P39","Iridosornis_jelskii","B14",0
"Prunus_integrifolia","P39","Mionectes_striaticollis","B15",0
"Prunus_integrifolia","P39","Patagioenas_fasciata","B16",0
"Prunus_integrifolia","P39","Penelope_montagnii","B17",1
"Prunus_integrifolia","P39","Pipreola_arcuata","B18",15
"Prunus_integrifolia","P39","Pipreola_intermedia","B19",3
"Prunus_integrifolia","P39","Tangara_nigroviridis","B20",0
"Prunus_integrifolia","P39","Tangara_vassorii","B21",0
"Prunus_integrifolia","P39","Thraupis_bonariensis","B22",0
"Prunus_integrifolia","P39","Thraupis_cyanocephala","B23",0
"Prunus_integrifolia","P39","Trogon_personatus","B24",0
"Prunus_integrifolia","P39","Turdus_fuscater","B25",0
"Prunus_integrifolia","P39","Turdus_serranus","B26",1
"Ruagea_subviridiflora","P40","Ampelion_rubrocristatus","B01",0
"Ruagea_subviridiflora","P40","Andigena_hypoglauca","B02",2
"Ruagea_subviridiflora","P40","Anisognathus_igniventris","B03",0
"Ruagea_subviridiflora","P40","Aulacorhynchus_coeruleicinctis","B04",0
"Ruagea_subviridiflora","P40","Buthraupis_montana","B05",0
"Ruagea_subviridiflora","P40","Cacicus_chrysonotus","B06",0
"Ruagea_subviridiflora","P40","Chlorornis_riefferii","B07",0
"Ruagea_subviridiflora","P40","Diglossa_brunneiventris","B08",0
"Ruagea_subviridiflora","P40","Diglossa_cyanea","B09",0
"Ruagea_subviridiflora","P40","Diglossa_mystacalis","B10",0
"Ruagea_subviridiflora","P40","Diglossa_sittoides","B11",0
"Ruagea_subviridiflora","P40","Elaenia_albiceps","B12",0
"Ruagea_subviridiflora","P40","Elaenia_pallatangae","B13",0
"Ruagea_subviridiflora","P40","Iridosornis_jelskii","B14",0
"Ruagea_subviridiflora","P40","Mionectes_striaticollis","B15",0
"Ruagea_subviridiflora","P40","Patagioenas_fasciata","B16",0
"Ruagea_subviridiflora","P40","Penelope_montagnii","B17",0
"Ruagea_subviridiflora","P40","Pipreola_arcuata","B18",0
"Ruagea_subviridiflora","P40","Pipreola_intermedia","B19",0
"Ruagea_subviridiflora","P40","Tangara_nigroviridis","B20",0
"Ruagea_subviridiflora","P40","Tangara_vassorii","B21",0
"Ruagea_subviridiflora","P40","Thraupis_bonariensis","B22",0
"Ruagea_subviridiflora","P40","Thraupis_cyanocephala","B23",0
"Ruagea_subviridiflora","P40","Trogon_personatus","B24",0
"Ruagea_subviridiflora","P40","Turdus_fuscater","B25",0
"Ruagea_subviridiflora","P40","Turdus_serranus","B26",0
"Schefflera_penelope","P41","Ampelion_rubrocristatus","B01",0
"Schefflera_penelope","P41","Andigena_hypoglauca","B02",0
"Schefflera_penelope","P41","Anisognathus_igniventris","B03",0
"Schefflera_penelope","P41","Aulacorhynchus_coeruleicinctis","B04",0
"Schefflera_penelope","P41","Buthraupis_montana","B05",12
"Schefflera_penelope","P41","Cacicus_chrysonotus","B06",0
"Schefflera_penelope","P41","Chlorornis_riefferii","B07",0
"Schefflera_penelope","P41","Diglossa_brunneiventris","B08",0
"Schefflera_penelope","P41","Diglossa_cyanea","B09",0
"Schefflera_penelope","P41","Diglossa_mystacalis","B10",0
"Schefflera_penelope","P41","Diglossa_sittoides","B11",0
"Schefflera_penelope","P41","Elaenia_albiceps","B12",0
"Schefflera_penelope","P41","Elaenia_pallatangae","B13",0
"Schefflera_penelope","P41","Iridosornis_jelskii","B14",0
"Schefflera_penelope","P41","Mionectes_striaticollis","B15",0
"Schefflera_penelope","P41","Patagioenas_fasciata","B16",0
"Schefflera_penelope","P41","Penelope_montagnii","B17",2
"Schefflera_penelope","P41","Pipreola_arcuata","B18",0
"Schefflera_penelope","P41","Pipreola_intermedia","B19",1
"Schefflera_penelope","P41","Tangara_nigroviridis","B20",0
"Schefflera_penelope","P41","Tangara_vassorii","B21",2
"Schefflera_penelope","P41","Thraupis_bonariensis","B22",0
"Schefflera_penelope","P41","Thraupis_cyanocephala","B23",0
"Schefflera_penelope","P41","Trogon_personatus","B24",0
"Schefflera_penelope","P41","Turdus_fuscater","B25",0
"Schefflera_penelope","P41","Turdus_serranus","B26",0
"Schefflera_sp2","P42","Ampelion_rubrocristatus","B01",5
"Schefflera_sp2","P42","Andigena_hypoglauca","B02",3
"Schefflera_sp2","P42","Anisognathus_igniventris","B03",15
"Schefflera_sp2","P42","Aulacorhynchus_coeruleicinctis","B04",0
"Schefflera_sp2","P42","Buthraupis_montana","B05",128
"Schefflera_sp2","P42","Cacicus_chrysonotus","B06",14
"Schefflera_sp2","P42","Chlorornis_riefferii","B07",40
"Schefflera_sp2","P42","Diglossa_brunneiventris","B08",0
"Schefflera_sp2","P42","Diglossa_cyanea","B09",5
"Schefflera_sp2","P42","Diglossa_mystacalis","B10",0
"Schefflera_sp2","P42","Diglossa_sittoides","B11",0
"Schefflera_sp2","P42","Elaenia_albiceps","B12",0
"Schefflera_sp2","P42","Elaenia_pallatangae","B13",2
"Schefflera_sp2","P42","Iridosornis_jelskii","B14",0
"Schefflera_sp2","P42","Mionectes_striaticollis","B15",0
"Schefflera_sp2","P42","Patagioenas_fasciata","B16",5
"Schefflera_sp2","P42","Penelope_montagnii","B17",0
"Schefflera_sp2","P42","Pipreola_arcuata","B18",2
"Schefflera_sp2","P42","Pipreola_intermedia","B19",0
"Schefflera_sp2","P42","Tangara_nigroviridis","B20",2
"Schefflera_sp2","P42","Tangara_vassorii","B21",45
"Schefflera_sp2","P42","Thraupis_bonariensis","B22",0
"Schefflera_sp2","P42","Thraupis_cyanocephala","B23",36
"Schefflera_sp2","P42","Trogon_personatus","B24",0
"Schefflera_sp2","P42","Turdus_fuscater","B25",1
"Schefflera_sp2","P42","Turdus_serranus","B26",0
"Smilax_domingensis","P43","Ampelion_rubrocristatus","B01",0
"Smilax_domingensis","P43","Andigena_hypoglauca","B02",1
"Smilax_domingensis","P43","Anisognathus_igniventris","B03",0
"Smilax_domingensis","P43","Aulacorhynchus_coeruleicinctis","B04",0
"Smilax_domingensis","P43","Buthraupis_montana","B05",0
"Smilax_domingensis","P43","Cacicus_chrysonotus","B06",0
"Smilax_domingensis","P43","Chlorornis_riefferii","B07",0
"Smilax_domingensis","P43","Diglossa_brunneiventris","B08",0
"Smilax_domingensis","P43","Diglossa_cyanea","B09",0
"Smilax_domingensis","P43","Diglossa_mystacalis","B10",0
"Smilax_domingensis","P43","Diglossa_sittoides","B11",0
"Smilax_domingensis","P43","Elaenia_albiceps","B12",0
"Smilax_domingensis","P43","Elaenia_pallatangae","B13",0
"Smilax_domingensis","P43","Iridosornis_jelskii","B14",0
"Smilax_domingensis","P43","Mionectes_striaticollis","B15",0
"Smilax_domingensis","P43","Patagioenas_fasciata","B16",0
"Smilax_domingensis","P43","Penelope_montagnii","B17",0
"Smilax_domingensis","P43","Pipreola_arcuata","B18",0
"Smilax_domingensis","P43","Pipreola_intermedia","B19",0
"Smilax_domingensis","P43","Tangara_nigroviridis","B20",0
"Smilax_domingensis","P43","Tangara_vassorii","B21",0
"Smilax_domingensis","P43","Thraupis_bonariensis","B22",0
"Smilax_domingensis","P43","Thraupis_cyanocephala","B23",0
"Smilax_domingensis","P43","Trogon_personatus","B24",0
"Smilax_domingensis","P43","Turdus_fuscater","B25",0
"Smilax_domingensis","P43","Turdus_serranus","B26",0
"Solanum_sp3","P44","Ampelion_rubrocristatus","B01",0
"Solanum_sp3","P44","Andigena_hypoglauca","B02",0
"Solanum_sp3","P44","Anisognathus_igniventris","B03",0
"Solanum_sp3","P44","Aulacorhynchus_coeruleicinctis","B04",0
"Solanum_sp3","P44","Buthraupis_montana","B05",0
"Solanum_sp3","P44","Cacicus_chrysonotus","B06",1
"Solanum_sp3","P44","Chlorornis_riefferii","B07",0
"Solanum_sp3","P44","Diglossa_brunneiventris","B08",0
"Solanum_sp3","P44","Diglossa_cyanea","B09",0
"Solanum_sp3","P44","Diglossa_mystacalis","B10",0
"Solanum_sp3","P44","Diglossa_sittoides","B11",0
"Solanum_sp3","P44","Elaenia_albiceps","B12",0
"Solanum_sp3","P44","Elaenia_pallatangae","B13",0
"Solanum_sp3","P44","Iridosornis_jelskii","B14",0
"Solanum_sp3","P44","Mionectes_striaticollis","B15",0
"Solanum_sp3","P44","Patagioenas_fasciata","B16",0
"Solanum_sp3","P44","Penelope_montagnii","B17",0
"Solanum_sp3","P44","Pipreola_arcuata","B18",0
"Solanum_sp3","P44","Pipreola_intermedia","B19",0
"Solanum_sp3","P44","Tangara_nigroviridis","B20",0
"Solanum_sp3","P44","Tangara_vassorii","B21",0
"Solanum_sp3","P44","Thraupis_bonariensis","B22",0
"Solanum_sp3","P44","Thraupis_cyanocephala","B23",0
"Solanum_sp3","P44","Trogon_personatus","B24",0
"Solanum_sp3","P44","Turdus_fuscater","B25",0
"Solanum_sp3","P44","Turdus_serranus","B26",0
"Styrax_foveolaria","P45","Ampelion_rubrocristatus","B01",0
"Styrax_foveolaria","P45","Andigena_hypoglauca","B02",0
"Styrax_foveolaria","P45","Anisognathus_igniventris","B03",0
"Styrax_foveolaria","P45","Aulacorhynchus_coeruleicinctis","B04",0
"Styrax_foveolaria","P45","Buthraupis_montana","B05",1
"Styrax_foveolaria","P45","Cacicus_chrysonotus","B06",0
"Styrax_foveolaria","P45","Chlorornis_riefferii","B07",1
"Styrax_foveolaria","P45","Diglossa_brunneiventris","B08",0
"Styrax_foveolaria","P45","Diglossa_cyanea","B09",0
"Styrax_foveolaria","P45","Diglossa_mystacalis","B10",0
"Styrax_foveolaria","P45","Diglossa_sittoides","B11",0
"Styrax_foveolaria","P45","Elaenia_albiceps","B12",0
"Styrax_foveolaria","P45","Elaenia_pallatangae","B13",0
"Styrax_foveolaria","P45","Iridosornis_jelskii","B14",0
"Styrax_foveolaria","P45","Mionectes_striaticollis","B15",0
"Styrax_foveolaria","P45","Patagioenas_fasciata","B16",0
"Styrax_foveolaria","P45","Penelope_montagnii","B17",0
"Styrax_foveolaria","P45","Pipreola_arcuata","B18",1
"Styrax_foveolaria","P45","Pipreola_intermedia","B19",0
"Styrax_foveolaria","P45","Tangara_nigroviridis","B20",0
"Styrax_foveolaria","P45","Tangara_vassorii","B21",0
"Styrax_foveolaria","P45","Thraupis_bonariensis","B22",0
"Styrax_foveolaria","P45","Thraupis_cyanocephala","B23",0
"Styrax_foveolaria","P45","Trogon_personatus","B24",0
"Styrax_foveolaria","P45","Turdus_fuscater","B25",0
"Styrax_foveolaria","P45","Turdus_serranus","B26",0
"Thibaudia_crenulata","P46","Ampelion_rubrocristatus","B01",1
"Thibaudia_crenulata","P46","Andigena_hypoglauca","B02",3
"Thibaudia_crenulata","P46","Anisognathus_igniventris","B03",23
"Thibaudia_crenulata","P46","Aulacorhynchus_coeruleicinctis","B04",0
"Thibaudia_crenulata","P46","Buthraupis_montana","B05",11
"Thibaudia_crenulata","P46","Cacicus_chrysonotus","B06",0
"Thibaudia_crenulata","P46","Chlorornis_riefferii","B07",3
"Thibaudia_crenulata","P46","Diglossa_brunneiventris","B08",0
"Thibaudia_crenulata","P46","Diglossa_cyanea","B09",41
"Thibaudia_crenulata","P46","Diglossa_mystacalis","B10",6
"Thibaudia_crenulata","P46","Diglossa_sittoides","B11",2
"Thibaudia_crenulata","P46","Elaenia_albiceps","B12",0
"Thibaudia_crenulata","P46","Elaenia_pallatangae","B13",2
"Thibaudia_crenulata","P46","Iridosornis_jelskii","B14",5
"Thibaudia_crenulata","P46","Mionectes_striaticollis","B15",0
"Thibaudia_crenulata","P46","Patagioenas_fasciata","B16",0
"Thibaudia_crenulata","P46","Penelope_montagnii","B17",5
"Thibaudia_crenulata","P46","Pipreola_arcuata","B18",0
"Thibaudia_crenulata","P46","Pipreola_intermedia","B19",0
"Thibaudia_crenulata","P46","Tangara_nigroviridis","B20",0
"Thibaudia_crenulata","P46","Tangara_vassorii","B21",1
"Thibaudia_crenulata","P46","Thraupis_bonariensis","B22",2
"Thibaudia_crenulata","P46","Thraupis_cyanocephala","B23",16
"Thibaudia_crenulata","P46","Trogon_personatus","B24",0
"Thibaudia_crenulata","P46","Turdus_fuscater","B25",10
"Thibaudia_crenulata","P46","Turdus_serranus","B26",0
"Thibaudia_sp","P47","Ampelion_rubrocristatus","B01",0
"Thibaudia_sp","P47","Andigena_hypoglauca","B02",0
"Thibaudia_sp","P47","Anisognathus_igniventris","B03",5
"Thibaudia_sp","P47","Aulacorhynchus_coeruleicinctis","B04",0
"Thibaudia_sp","P47","Buthraupis_montana","B05",9
"Thibaudia_sp","P47","Cacicus_chrysonotus","B06",0
"Thibaudia_sp","P47","Chlorornis_riefferii","B07",0
"Thibaudia_sp","P47","Diglossa_brunneiventris","B08",0
"Thibaudia_sp","P47","Diglossa_cyanea","B09",8
"Thibaudia_sp","P47","Diglossa_mystacalis","B10",2
"Thibaudia_sp","P47","Diglossa_sittoides","B11",0
"Thibaudia_sp","P47","Elaenia_albiceps","B12",0
"Thibaudia_sp","P47","Elaenia_pallatangae","B13",0
"Thibaudia_sp","P47","Iridosornis_jelskii","B14",0
"Thibaudia_sp","P47","Mionectes_striaticollis","B15",0
"Thibaudia_sp","P47","Patagioenas_fasciata","B16",0
"Thibaudia_sp","P47","Penelope_montagnii","B17",0
"Thibaudia_sp","P47","Pipreola_arcuata","B18",0
"Thibaudia_sp","P47","Pipreola_intermedia","B19",0
"Thibaudia_sp","P47","Tangara_nigroviridis","B20",0
"Thibaudia_sp","P47","Tangara_vassorii","B21",0
"Thibaudia_sp","P47","Thraupis_bonariensis","B22",2
"Thibaudia_sp","P47","Thraupis_cyanocephala","B23",1
"Thibaudia_sp","P47","Trogon_personatus","B24",0
"Thibaudia_sp","P47","Turdus_fuscater","B25",0
"Thibaudia_sp","P47","Turdus_serranus","B26",0
"Tibouchina_calycina","P48","Ampelion_rubrocristatus","B01",0
"Tibouchina_calycina","P48","Andigena_hypoglauca","B02",0
"Tibouchina_calycina","P48","Anisognathus_igniventris","B03",0
"Tibouchina_calycina","P48","Aulacorhynchus_coeruleicinctis","B04",0
"Tibouchina_calycina","P48","Buthraupis_montana","B05",0
"Tibouchina_calycina","P48","Cacicus_chrysonotus","B06",0
"Tibouchina_calycina","P48","Chlorornis_riefferii","B07",0
"Tibouchina_calycina","P48","Diglossa_brunneiventris","B08",0
"Tibouchina_calycina","P48","Diglossa_cyanea","B09",0
"Tibouchina_calycina","P48","Diglossa_mystacalis","B10",0
"Tibouchina_calycina","P48","Diglossa_sittoides","B11",0
"Tibouchina_calycina","P48","Elaenia_albiceps","B12",0
"Tibouchina_calycina","P48","Elaenia_pallatangae","B13",0
"Tibouchina_calycina","P48","Iridosornis_jelskii","B14",0
"Tibouchina_calycina","P48","Mionectes_striaticollis","B15",0
"Tibouchina_calycina","P48","Patagioenas_fasciata","B16",0
"Tibouchina_calycina","P48","Penelope_montagnii","B17",0
"Tibouchina_calycina","P48","Pipreola_arcuata","B18",0
"Tibouchina_calycina","P48","Pipreola_intermedia","B19",0
"Tibouchina_calycina","P48","Tangara_nigroviridis","B20",0
"Tibouchina_calycina","P48","Tangara_vassorii","B21",0
"Tibouchina_calycina","P48","Thraupis_bonariensis","B22",0
"Tibouchina_calycina","P48","Thraupis_cyanocephala","B23",1
"Tibouchina_calycina","P48","Trogon_personatus","B24",0
"Tibouchina_calycina","P48","Turdus_fuscater","B25",0
"Tibouchina_calycina","P48","Turdus_serranus","B26",0
"Tripodanthus_acutifolius","P49","Ampelion_rubrocristatus","B01",0
"Tripodanthus_acutifolius","P49","Andigena_hypoglauca","B02",0
"Tripodanthus_acutifolius","P49","Anisognathus_igniventris","B03",2
"Tripodanthus_acutifolius","P49","Aulacorhynchus_coeruleicinctis","B04",0
"Tripodanthus_acutifolius","P49","Buthraupis_montana","B05",0
"Tripodanthus_acutifolius","P49","Cacicus_chrysonotus","B06",0
"Tripodanthus_acutifolius","P49","Chlorornis_riefferii","B07",0
"Tripodanthus_acutifolius","P49","Diglossa_brunneiventris","B08",0
"Tripodanthus_acutifolius","P49","Diglossa_cyanea","B09",0
"Tripodanthus_acutifolius","P49","Diglossa_mystacalis","B10",0
"Tripodanthus_acutifolius","P49","Diglossa_sittoides","B11",0
"Tripodanthus_acutifolius","P49","Elaenia_albiceps","B12",0
"Tripodanthus_acutifolius","P49","Elaenia_pallatangae","B13",0
"Tripodanthus_acutifolius","P49","Iridosornis_jelskii","B14",1
"Tripodanthus_acutifolius","P49","Mionectes_striaticollis","B15",0
"Tripodanthus_acutifolius","P49","Patagioenas_fasciata","B16",0
"Tripodanthus_acutifolius","P49","Penelope_montagnii","B17",0
"Tripodanthus_acutifolius","P49","Pipreola_arcuata","B18",0
"Tripodanthus_acutifolius","P49","Pipreola_intermedia","B19",0
"Tripodanthus_acutifolius","P49","Tangara_nigroviridis","B20",0
"Tripodanthus_acutifolius","P49","Tangara_vassorii","B21",0
"Tripodanthus_acutifolius","P49","Thraupis_bonariensis","B22",0
"Tripodanthus_acutifolius","P49","Thraupis_cyanocephala","B23",0
"Tripodanthus_acutifolius","P49","Trogon_personatus","B24",0
"Tripodanthus_acutifolius","P49","Turdus_fuscater","B25",0
"Tripodanthus_acutifolius","P49","Turdus_serranus","B26",0
"Viburnum_reticulatum","P50","Ampelion_rubrocristatus","B01",0
"Viburnum_reticulatum","P50","Andigena_hypoglauca","B02",0
"Viburnum_reticulatum","P50","Anisognathus_igniventris","B03",0
"Viburnum_reticulatum","P50","Aulacorhynchus_coeruleicinctis","B04",0
"Viburnum_reticulatum","P50","Buthraupis_montana","B05",0
"Viburnum_reticulatum","P50","Cacicus_chrysonotus","B06",0
"Viburnum_reticulatum","P50","Chlorornis_riefferii","B07",0
"Viburnum_reticulatum","P50","Diglossa_brunneiventris","B08",0
"Viburnum_reticulatum","P50","Diglossa_cyanea","B09",0
"Viburnum_reticulatum","P50","Diglossa_mystacalis","B10",0
"Viburnum_reticulatum","P50","Diglossa_sittoides","B11",0
"Viburnum_reticulatum","P50","Elaenia_albiceps","B12",0
"Viburnum_reticulatum","P50","Elaenia_pallatangae","B13",0
"Viburnum_reticulatum","P50","Iridosornis_jelskii","B14",0
"Viburnum_reticulatum","P50","Mionectes_striaticollis","B15",0
"Viburnum_reticulatum","P50","Patagioenas_fasciata","B16",0
"Viburnum_reticulatum","P50","Penelope_montagnii","B17",0
"Viburnum_reticulatum","P50","Pipreola_arcuata","B18",0
"Viburnum_reticulatum","P50","Pipreola_intermedia","B19",1
"Viburnum_reticulatum","P50","Tangara_nigroviridis","B20",0
"Viburnum_reticulatum","P50","Tangara_vassorii","B21",0
"Viburnum_reticulatum","P50","Thraupis_bonariensis","B22",0
"Viburnum_reticulatum","P50","Thraupis_cyanocephala","B23",0
"Viburnum_reticulatum","P50","Trogon_personatus","B24",0
"Viburnum_reticulatum","P50","Turdus_fuscater","B25",0
"Viburnum_reticulatum","P50","Turdus_serranus","B26",0
"Viburnum_seemenii","P51","Ampelion_rubrocristatus","B01",0
"Viburnum_seemenii","P51","Andigena_hypoglauca","B02",0
"Viburnum_seemenii","P51","Anisognathus_igniventris","B03",0
"Viburnum_seemenii","P51","Aulacorhynchus_coeruleicinctis","B04",0
"Viburnum_seemenii","P51","Buthraupis_montana","B05",0
"Viburnum_seemenii","P51","Cacicus_chrysonotus","B06",0
"Viburnum_seemenii","P51","Chlorornis_riefferii","B07",0
"Viburnum_seemenii","P51","Diglossa_brunneiventris","B08",0
"Viburnum_seemenii","P51","Diglossa_cyanea","B09",0
"Viburnum_seemenii","P51","Diglossa_mystacalis","B10",0
"Viburnum_seemenii","P51","Diglossa_sittoides","B11",0
"Viburnum_seemenii","P51","Elaenia_albiceps","B12",0
"Viburnum_seemenii","P51","Elaenia_pallatangae","B13",0
"Viburnum_seemenii","P51","Iridosornis_jelskii","B14",0
"Viburnum_seemenii","P51","Mionectes_striaticollis","B15",0
"Viburnum_seemenii","P51","Patagioenas_fasciata","B16",0
"Viburnum_seemenii","P51","Penelope_montagnii","B17",0
"Viburnum_seemenii","P51","Pipreola_arcuata","B18",1
"Viburnum_seemenii","P51","Pipreola_intermedia","B19",0
"Viburnum_seemenii","P51","Tangara_nigroviridis","B20",0
"Viburnum_seemenii","P51","Tangara_vassorii","B21",0
"Viburnum_seemenii","P51","Thraupis_bonariensis","B22",0
"Viburnum_seemenii","P51","Thraupis_cyanocephala","B23",0
"Viburnum_seemenii","P51","Trogon_personatus","B24",0
"Viburnum_seemenii","P51","Turdus_fuscater","B25",0
"Viburnum_seemenii","P51","Turdus_serranus","B26",0
